group,X1,X2,X3,X4,X5,X6,X7,X8
D,0.26888427770910506,-0.7995544568034767,-0.4939945783842925,-0.10602281535389557,-0.22937779279721687,0.820381947511126,0.576298340490638,1.4744054428458324
A,-2.191861212717913,-1.3890507226750042,-0.34118266460495483,-2.73162815689044,-2.434661884275342,-1.451611749837666,-1.4065937999147002,-2.127295435971104
D,1.9988796212104132,0.7810430320391557,-1.3718657137078196,-2.8200696894110893,1.4031041110433593,1.9124543403239576,-0.010159214884820245,-0.033835674312070324
A,-1.9308396142091249,-0.8219203037542243,-0.2814838057039244,0.8524008288629487,0.8120776151587286,-1.4287730542908983,0.013470297647004581,-1.0300407091790216
E,0.7663345889014264,1.255546454955707,0.008525211272494393,2.686924795036531,-2.9039270455488415,-2.0507024911640674,-0.009822538466664477,0.9522182389574435
F,-1.0982124223394385,1.9629646938149825,0.09106134624107914,-2.3515653090542834,-0.6685969224425254,-1.2652959369097394,-0.1631544530201468,-0.7289492083983251
B,3.165254736055501,0.4578054829843361,1.657848484161502,0.24163950986145574,-1.0059216061363643,-0.21933793568536894,0.46701004005366,2.122141394108227
A,-3.105600420343736,-4.1048427102928535,-0.712484556441096,1.653110716899286,0.8698658155913854,1.1817895574530177,-1.202571975130052,-2.449243148445052
B,1.2376762862279422,-0.6207377380919954,-1.3030130435747422,-1.011127938194044,0.4619681894662214,-0.6967906747575203,1.1790141706233386,0.9324453197989215
B,2.582229221632149,-0.20373864822353538,0.7862714763742054,0.16644811387083866,-1.4974551974158339,-1.0854886581976904,0.8600250696995628,-0.3771175905072834
E,1.5011751230525854,-0.20969618427697265,-0.6406117351360913,2.0490569171520487,-0.16399676529989327,-0.9944187421096593,0.7629352610349205,0.8392020510632651
B,1.3122946343568749,-1.0448447753698948,1.294021697419268,0.8861293076842868,-0.5030539166662856,-1.3497393332911423,-0.5543073412188217,2.421252089917156
C,-1.1142047395270172,1.8277530842719447,2.5984175529386424,2.261953881525359,-0.7891332539126922,-1.1701178719722927,-0.30259914436771296,-0.14972414837570763
B,1.6226423771768754,-1.8387084218701357,-0.28667454662704683,-0.43683343684728787,1.0500310858944624,2.6426514872238216,0.5318239873376143,0.14782148423625532
F,-0.7667785692209493,-0.43218935349282284,-0.8572606127481623,-0.3312275481911986,-1.0280254633305659,-0.8032907451147642,1.0685894623885066,2.6471584176446954
A,-3.3000884205111367,-2.199020392552052,-2.407172866602579,-1.9929148962634506,-0.2247368131053522,0.3981581489557018,-0.39763364432006704,-1.5843073283947813
F,-2.0136505940149214,-0.7832985889799455,-0.7793390721779079,-1.9797911520947866,1.4208365912692598,1.66097695622443,1.1851037871929893,0.30880803603076523
F,-1.7874507326029845,-2.0024562025051043,-1.0660420633952528,1.1164493175714894,-1.181253159849351,-0.4295413147281709,-0.6066693761963273,-2.1405074559244546
D,-0.8176517073763965,1.8541830350327886,-1.9981231448887198,-1.0462287025491308,-1.3263914551472997,1.171498614762943,-0.6676170082129734,-1.1583154884652538
E,0.44842495533402355,0.6118269407330257,-0.2359901517911368,0.679370512013185,-0.7340784953892004,-2.371325779544332,0.3770184513656841,2.430656571798626
A,-1.3198478730041323,-2.0321804325306982,-1.2705859459123499,-1.2473633588204653,-0.7868671232540628,1.0605997370960953,-0.5702395293267378,0.726837450300579
C,0.9169793356951146,3.6454319301138653,1.748122126321678,-1.2771297131340487,-1.893127236442882,-0.9153935226056428,-0.4208484316645122,-0.5686384389337928
C,-0.4634768118434116,1.0417948793082026,-0.4177019694489619,-1.684384858338316,0.14798862427054876,0.3455591984744518,0.15034865071468984,0.44761463033309
E,0.44398078383502526,0.24085001945512474,-0.23699434500671784,0.2997271534340056,0.3880061385606618,-1.6982849944965293,-1.2070143820703596,0.6655234520410716
C,-0.9591036395820696,0.1480271926945269,0.390022918166796,-0.30111143808157714,0.3338687481843826,0.9201226287449388,0.5624159024719535,2.1503901946701762
C,0.8639872078782892,3.2050238548785757,2.482848944312231,0.24594106861856302,-0.055777655041837626,1.8775418563307193,1.6283036176122037,-0.8211904165503656
B,2.1036956622570253,-1.445032132800192,0.7132321702331283,-0.17392240350832563,0.8256073849092158,-0.3308942665095415,0.29613949446295285,-0.15603625779800115
B,1.4925998345376297,-1.9162521395523413,0.971467097667643,0.9039233498728821,0.4392313738417474,-0.9317281584109053,-0.0596574537536141,0.12294123905930972
D,-0.26251311332740734,0.40201033676262954,-2.8466165056798642,-3.876408026646488,-0.006196985336848093,-0.912289986409339,-0.0707452846397395,-0.4839138363887209
F,1.504268604275588,3.1435971843756647,1.2520736646042723,0.09564190929396348,1.1083644777223198,-0.43594082425320424,-0.2887190759226762,-0.7271785726632551
E,1.762632155198141,0.247175467934589,0.6919215230540148,1.6768731248799487,0.4705942230095896,-0.10606756155429203,0.08700649268116234,1.7578826579858422
E,-0.09408933398123376,-1.088966434553026,-2.5168352918739703,-1.420613697298292,0.9537295335130058,-0.2819050520514619,1.172572383990505,1.0471940907986417
C,0.45622256773619213,1.4041550425068374,2.0161358872242205,0.631068297953477,-0.5566782542468917,1.0524396585874007,-0.3141769539323384,1.0750195253401535
A,-1.2637661066714645,0.23525018078426596,0.1769849647930879,1.1807386467855332,-0.009804296398777473,-0.015291428754524161,0.648380271849916,-0.9730788266835192
F,-0.1763970453892717,0.3970594161008823,1.3396512767766244,1.1132581484630055,0.8279257610363331,-0.22916055206787336,-0.6045425031710574,-1.462027204371381
B,1.276991269592525,-1.550997956650494,0.4704109909918082,1.3996894899065666,-0.47540925505286497,0.645174395145955,0.4774177996695253,-0.7690480655322847
C,-2.059348199649074,-0.6854701608577565,0.7697239046024114,2.1473828616600477,1.7758632943281043,1.2827975041774824,1.085513649073805,0.22805980763979364
F,0.18925165120209497,1.6188502690171842,0.16589329871094774,-0.8289183740786258,2.961593608284042,2.4012380301406266,1.2089505734823218,-0.8539385633592007
D,-1.249932495453788,-1.0906149365278577,-2.0708778979475007,-2.096391034837277,-0.6024122518102928,-0.27489027195103255,1.1873949499017875,1.2885075693124035
F,-0.9536719832263729,-0.18733346564045839,-0.09888145310139607,-3.2431974104258137,-1.4266850419373667,-0.4402930912961385,-0.13338782293491547,2.862831831529915
F,1.2130987978466163,2.2184304962038013,0.5805842258951708,1.1882565844992163,-0.7675453564074027,-0.11702063479689334,0.49075353731470706,-0.7106385818505276
D,0.6023218485213835,0.2003584499361235,-0.4468280410391141,0.6082157626304427,-1.744785801789138,-3.8336154030269816,0.47739928315723434,0.4122459336862887
D,0.5722830884744344,0.5983410297497179,-2.0588039532012465,-1.8260137305138355,-1.6402644099956212,-1.1511060299508111,-0.6960976714609046,-0.19085032975020133
D,0.6493133053040725,-1.1858923763169456,-0.903600042909644,-0.4986594725338578,-0.21452141844670058,-1.5719972047016357,-0.5031545613949516,-0.0408995429150501
F,-0.20749514296384436,0.3950106509340946,-0.9507654906270064,-0.9677838985579807,1.43983536039243,1.1224363379326558,0.7514836647067163,1.8864765571462243
F,0.21258519171596002,1.4498299480645156,-0.5693503367774861,-2.6595738272414287,-2.650283543533235,-0.7873052189071094,-0.33692195831860083,-1.1901822887610445
F,-1.4275050645915575,-0.24375540538488305,-0.29206940882904087,-0.3262363134466031,-0.46273150227511434,-1.8668418688391664,0.6310597009685917,-0.5777598682011832
B,2.7904851381645113,-1.2407933407313108,1.3316312083203927,2.098548733873947,0.970500023847706,1.124755377822662,1.3539229991975614,1.3647456999101097
D,-1.1484167610596971,1.3735693793373087,-0.768805600216623,-0.28042984468385,0.2049014486188036,1.020878035224841,-0.5498099961541113,-0.09039461823580455
A,-3.4796237144923543,-3.7353061647421897,-1.0455547516368031,-0.1391719331253644,1.476218732250107,1.6783714122274938,0.6764712324341988,-2.365202293771455
F,-0.18996372591266264,0.4419084016936997,0.09483727196403158,1.5890551660706915,0.14065112879347907,2.4693631159652507,1.3928127953400153,0.37832358013906825
D,0.2498128034132388,1.1088788117346782,-2.91891896363115,-2.44888269032291,-0.7181692614706474,-0.8101349042509609,-0.93588651796081,-0.030900060962571307
A,-3.451206571702241,-1.1945463519189994,-0.4335414766272893,-1.4514969445987878,-0.3606553869468522,0.7337631498009395,1.0124012985063773,-0.7000486301894878
F,0.29449951748778536,1.114966068187667,-1.2583235811031632,-0.08456665799806296,-0.6756908186734492,0.20966520534579147,-0.5850362667630706,-0.3045329956125762
B,2.7364700831039106,0.6922647908372588,1.7794744935593998,2.4250902552976266,-0.34053383104355434,-1.7185809501613125,-1.471129913812903,-1.0586009666097191
F,-1.385213217845146,3.3206427283944873,-1.3444493090168312,-2.7093101220188043,-0.2553262236700986,-1.1962350508029616,-0.415671283920169,-1.3061942849571333
F,-0.48840940616480183,-0.4202224883847052,-1.3490597724283,-4.210367447867459,0.0788077372836885,-0.7609960270775372,-0.14708322868281382,-0.04070767817110056
C,-1.1921896587509553,-0.6737444203689629,0.23990203576077818,1.103504424203783,0.5227244021803197,-0.3128433887108452,1.039017304614241,0.10217171338887321
A,-0.19617396319879465,-1.6620856863546836,0.43652794868849804,-1.5862274884839933,-0.9937442538382544,-1.2327587473748984,-0.14003255947253757,-0.46969025725538344
D,-0.29589659524393286,0.04640753786222471,-2.480352456721095,-2.258125453979175,1.8958214119739882,2.6667169465598706,0.47121676295732107,-1.021251211095597
C,-0.8619398525896469,1.6809149516475523,0.6741563511711729,-0.45771722626373657,-2.023080864909067,-1.2719856777996792,1.1035239736993998,0.08927021616526332
F,0.7762068853956718,2.360137088200539,1.2114168479134202,2.018948169155619,0.7235473527709442,0.24615058187961691,0.0021937943322205555,1.6127671986166794
D,-0.608515130609831,0.28964434089481805,-2.5664993306903385,-2.1206084226610415,0.7992135864626477,0.8102315546903609,-0.6337091830125131,-0.12896964227387087
D,0.036608060457450436,-0.9173142736362783,-0.6495338895451714,-2.1799656371212324,1.028493222943693,0.20085764033469294,0.21451394473093466,-2.522766342961911
A,-0.8418312419912102,-1.8315311277096353,0.2932374425092321,-0.1265101397757323,0.0826840255698996,-0.07756288589444027,0.3841372791012273,-1.2100253673459636
D,0.10326976944669358,1.1176821158690695,-0.8656801451209599,-0.04040802803479138,-0.3384241811031823,-0.8367379720074507,0.496318208774302,-1.6198905256275582
A,0.17474337378428562,-0.10497639168256345,0.503221447988383,0.7270613198839293,1.348915548170356,1.3191849652657577,0.6216377531346264,1.636226223927801
A,0.7319646396325425,-0.8870497614560028,0.6703493204556523,2.372541924754008,0.12560112775995225,1.493174301710955,0.3772817356563547,0.05387204440361548
A,-2.7207320513625515,-2.468448242914893,-0.7633093399133195,-0.18825555237969235,1.646775509249876,-0.3399610543412947,-0.38519849580112,-0.7899967446239324
D,0.5794405716538644,1.2245704909147952,-2.512678152810162,-4.697174830518027,-0.5760690185690133,2.1618476919931027,-0.0172474013797842,1.3333655811536116
C,0.8824632040426117,-1.310676836040035,1.3008467219707045,0.5497552302034322,-0.6088231867517844,-0.23405848894192738,-0.4618332809926795,0.9766568178747774
B,2.054224726278732,-1.4047302602919152,-0.3419898272917562,1.9298118132954327,-1.9961455096826435,-1.2786880208793738,-1.8332751533612646,-0.9517761449056084
C,-0.3179725895984371,2.618871398303212,1.4272683981057286,-1.6631615667576285,-1.0307614068839417,-2.4146278832219723,-1.6174197447945184,-0.6364204153103347
F,-0.9005404887838664,-1.2536632219114618,0.09398798121068502,0.08734658995850823,-1.153074030552165,-0.3636891309665634,-0.299067911683691,0.32004857802494546
B,2.4334033433677713,0.5968053292906177,1.0914032681750396,1.012245645239691,-1.3919638508779293,-2.6383614039684753,-0.8877387918763497,-0.2662087312304621
F,-0.4471463699538204,2.0765381910110112,0.3206379624084269,1.0554107978883416,2.024433574384788,1.0831623286150438,-0.12785513337747295,-1.0309735108273592
D,-0.04200285660708558,2.6575813880991985,-1.9453873679216866,-4.129661379282707,-0.6217503896784541,-0.6176223027790443,-0.4477582343354454,1.2722347368922011
B,1.4668810954935272,-1.8748253386717584,-0.3043962415742253,-2.159366144208642,1.6689881437258482,3.241084342988822,0.38215938449266773,-0.5056042796007562
D,-0.05350578309179643,-0.7631688433079681,-2.643468777313152,-2.1619989018531465,1.0565888161519568,-2.9237903275487973,-0.23055853827190098,-0.7849319883682697
F,-0.9910780628338054,0.665721201617247,0.3117094876643242,-0.11431158707797492,-0.6354204569514313,0.5991201770266276,-0.43116495072475614,0.8458807493264464
F,-1.7198505555717776,-2.075944367068149,-0.3741579874422396,0.010635935348179554,-0.49767890029414935,0.6785529561292857,-0.6764618544607324,1.3562543672995133
C,0.15970125869559615,2.1393770632786384,1.3914783236057657,1.0358186272874652,0.6179483914585715,0.8764380489617528,1.7544518393561106,1.4638966332098269
D,0.731826855307141,-2.1116188242738194,-2.898961773517801,-0.2942557435934219,0.7500216889049436,-0.4063328805411738,-0.5160370625928268,-1.011056195948415
A,-3.476928021013373,-2.956662523663959,-0.035410325648658036,1.3486082199598661,-0.7069450088202046,-0.9580834373043751,1.5918599656910395,1.264695932555245
F,0.7764464746502038,2.5615387563420087,1.1553594191117664,0.9963690694029759,-0.271406678616102,1.3994858331834235,0.8385196658700147,1.650446096012551
D,-1.6829364337402843,-2.0815699503565783,-3.205326180872935,-4.201291193773191,1.6807006504121065,0.6986789997421986,0.08000691466127408,1.5846691400243798
E,1.1328861459968704,1.668196575868183,0.5644172665067809,2.7707142451584197,-1.2500638890283646,-2.6936439743994476,-0.541933957088907,0.19107149635306245
A,-3.4768120064425996,-2.5640001847434717,-0.41388134496263956,-1.0189506716906087,0.10848541834217373,2.0556210388323364,0.9200865525559079,0.84648416517334
A,-1.437994946231397,1.859361157792291,0.062048568103826085,3.315623980093906,0.6571721174926923,-0.35590373573447837,-2.8079929335297225,-2.4356080865890997
F,-1.026192556697628,1.888548579556017,0.9078670480867483,1.5716083581969156,-0.14360965003193837,-0.3637211715303579,-1.2875351601406806,-0.10703056092856228
F,0.298771233771958,2.1967250677237975,-0.865694386448421,-0.675286984075074,-0.8018407774583769,1.4710354829945493,-0.7610018798134124,-0.8460195798379481
C,-1.276666337887179,1.0018992036396852,0.7420740960718741,1.0588015265132957,-1.0572618875201885,-0.5631704620968524,0.3095704274879998,-1.0966173086090385
D,0.3566152675455674,-0.41073772410410603,-2.268319181323336,-1.8154645447084286,-0.32011405325575154,0.5016207547875363,-0.42400168911414166,-2.3288083708022227
C,-0.9218434657162642,0.5379765132120513,0.9332424891749493,1.0708670779859362,1.8285701818331148,0.31667040632667476,0.5436352949384018,1.3647893952528674
D,0.38825861838904147,0.7378839818414601,-2.6734690098914156,-2.924092436760714,0.2817646524901012,1.8582465617261288,0.09758387926148948,-0.07794341478157815
F,-1.072581856280578,0.1632875368470073,0.030205616073995523,-3.039146434738692,0.7098472429102882,1.2815256565969113,-0.2037669275620811,-0.6432647729409968
A,-2.1293212786239315,-0.7020053046757211,0.019410743432895824,-0.3733103496694051,-2.1454755936459775,-2.004053875379943,-0.41690273898314123,-0.9162383872725495
F,-0.5697036610869505,-0.0945624003351212,-0.5490741153299474,-0.4726931598139722,1.4185837146479088,-0.9373749804466327,1.090123219200105,0.9586610582159105
B,-0.2260636050342253,-1.3133228103340577,-0.551577167558337,-0.019495708525913272,0.8306994039423423,1.4554471523858004,1.6530445039177901,-0.8485001174662872
B,2.0860167288707467,-2.2572753659564033,-0.446006289103816,0.014104355031674426,-0.1981783849379138,-1.3734347169391663,-0.5313085563310174,-1.0146911517087858
B,1.0217885363753874,-2.7818174486877445,0.536021701192757,-0.5400194826669761,-1.008100365906223,-1.5618660449149608,-0.09824434150451739,1.0029828984072193
D,-0.5608577565177792,1.2168683759934464,-1.5969465663492564,0.6986451359631918,2.051652374466546,-0.8270374687216199,-1.063364201363314,-0.5028402657726573
B,1.709222578707747,1.2365573292946381,0.16967290937662338,-1.1785376434821473,-0.9622509315273579,0.13984134699581302,0.9244100560269499,2.1622656048299467
E,-0.4746106885954071,1.0619119187952366,0.441262579939708,2.574592345733347,-2.1827397400015176,-4.351912232173446,-1.442224708237741,-1.370086150829866
B,1.9630030750032927,-2.294614562568481,-1.1164692352146834,0.6655198056124518,-0.1579572253956794,1.3274748495586217,0.8409449452335598,1.1186690766389642
A,-2.2337461674023493,-1.1018787240222263,0.9228160445751736,0.1668651121497573,0.4448097726965661,0.5072173031945799,-0.5660541688597296,0.3604206534330081
E,0.6526609321239618,0.750775636492474,-0.534676774076644,2.959281199034793,-0.161156278343965,-0.9624439319990737,-0.03384077761595601,0.9218863273613737
B,1.2604524683385494,-1.6237675023105447,0.7723931961889603,1.3406397526170857,-0.1470011856200651,-0.8885745338279845,0.08634355919860995,0.7559311381793581
D,1.4705796683906758,0.4953475822679883,-2.189227419938465,-0.74674335612986,0.7142009151705375,3.6123443317133956,0.1948726699872665,0.4234832031525253
F,0.06308335636336238,0.802156807445296,1.648348943264705,0.9934635221331738,-0.21030688601955413,0.1908286036969349,0.21872139302679744,-1.1202463522801718
E,1.35073236948024,-0.7436405912548187,0.10387232284728423,1.897723310888673,0.7696293247087349,0.41855159893824756,0.5754307266982204,0.9368102271431903
D,-0.571573565463752,-1.8302453263010283,-2.443495893918224,-3.127037177419436,4.001539315475006,2.5596295714601176,0.21453793448803743,-0.41473253268327254
F,-1.307120045863077,0.8633889202278352,0.05859160773723182,1.5121837143693206,-0.3801336667056793,-2.1101897327555172,-0.4667734094810476,-1.2562821650962386
E,-0.12876668535908442,-1.4445499956410894,-0.6391107210491143,2.1056853383275547,-0.6728727321843113,-0.8588241856871633,-0.5363451708079086,-1.929641697620076
C,-1.099418602511821,1.8235874218677397,2.400136678071801,-0.07572746787018747,-0.37210435420633736,2.5750758179375115,1.530759936590363,-0.7859457761610861
F,-1.1285745754391614,-2.2840390726429245,0.06031947601068699,1.2086811134410933,0.10813075183071291,1.3951380806613145,0.050017829040409856,1.372254849198821
B,0.09463829210102626,-1.5411649627723536,0.8025314532283778,-0.038608073404294174,0.4761070989055287,-0.00918328046484368,0.41681393246242626,-2.5810892532042162
E,1.403217650633929,0.9689885107586476,-0.8246327820970487,2.1338944867308327,0.18759151939495877,1.0893931384294333,0.468557564667177,-1.0493527991983975
B,2.52311557202904,-0.11347310153856904,0.1928855715866411,0.861746781481536,0.7908456102598289,-1.1677709968701908,-0.9719793220663807,-0.5840399766499333
D,0.960322112967646,0.49023468131892023,-2.2879043542063373,-3.0512369380083237,-1.5004243984031997,-0.33416344797840614,0.15142710539921872,0.6196135337580604
C,0.24016563639364308,0.8839642153171252,0.4961051005100199,-0.0050491565054362475,-0.6477998742485938,-0.8783809635267026,-1.1040820422342992,0.15228486564598087
D,0.30479729139214606,0.8208091810618909,-1.8133879978058856,-2.271906204022324,-0.24107104378366223,-1.3692764944702027,-0.8918218361526917,-1.1668310715575376
D,-0.17045226190185947,-0.10969531640572215,-1.959407653604859,-1.4971535199723427,-0.9711079970961983,-1.3646573391261545,0.9029349012078542,-0.9817500817549794
F,-0.3966849019151418,1.7744676408824949,0.5429303579866261,1.9627993669461417,-1.9780765998357623,0.8371245392850625,-0.42325516368424143,1.2458636129221112
D,-0.5477045054778383,0.3739335519268049,-1.7153244518201878,-1.6344583717167005,-0.7886821332192485,-1.863996654045177,-1.3158002794140216,-0.7672880777521478
E,0.7953084375644761,-0.8413699810663973,0.9640869879954158,3.769163275526636,0.6810067685223007,0.3589518690582308,-0.040462275143406376,-0.08107223312857602
F,0.16897482276989573,2.6003115682043836,1.134831406550626,-0.10830062366743068,0.3169561182150007,-0.42568478795028386,-0.1956840764688175,0.7159105303882131
F,-1.1591937262358742,3.3280078149111096,-0.12181116487460197,-0.15961686929572338,0.7870293569635463,3.0732077032032485,-1.08561670087775,1.14154156343344
F,-1.0458195528675867,1.725360945422691,0.8168502373876483,-1.5912196162795365,-1.1610470063261333,-1.0714813883713226,-0.5485604342106739,0.2723227858298678
C,-0.9343483451085636,2.5765374195634503,2.173711182185889,0.7459071158414218,0.03961431489000755,-0.8137466676912708,0.7416655902497207,2.0874361064139935
B,1.3453347994486302,-1.3458847088501886,1.5067678623643017,0.476733445690356,-2.4851389055414703,-1.3879842957301212,-0.5782706973202131,-0.24012702944388659
A,-1.1980583431040925,-0.9074342892195247,-0.23354227421422202,1.4323501396212415,-1.4481087846992053,-0.22178812058490482,-0.8146172320156474,1.5117971151281664
C,-0.48371479211282703,1.612731956917342,0.7593185976076677,1.32745202319318,2.6029214786654373,1.3154836005346449,-0.009037093185742417,0.9216582100841324
C,1.6134659997975649,3.866062712810905,2.4620881168205146,0.8460190144588389,0.8634547929661383,0.111043660278909,0.5452907501418682,-0.9528306353171392
B,0.6866814594041066,-3.0827879343763342,0.4881207263063635,-1.0706652382255701,0.2859271121794057,2.682317073285805,0.33414330412182836,0.08329880434755964
C,-1.3211330661512066,2.5798816729145484,1.842789580588307,-0.6787364124023012,0.40149672535287767,-0.611257788505941,-0.4885324433817546,-0.6833825955676505
A,-1.7747215424324063,-2.7781580430045634,-1.275798731682861,-0.20718951511788636,1.2300960323201409,0.47909678499437336,1.4338229524090864,1.7452970504606324
A,-2.65828072682583,-1.355178998177696,-0.5243336449258335,-0.6691579313518943,-1.828950592826728,-1.2417339027580356,-0.059033973364155445,-0.35887625732171746
E,0.515057389760583,0.3982021943504461,-0.07849463741760904,1.2159756812030047,-1.6466352046481387,-0.3270192492835461,-1.1291496713829947,-2.332013506606399
D,0.4705423549768528,1.5822632567742718,-1.7730600620643595,-0.18269229619280525,-0.10179273858306803,-1.0607960298987607,-0.888572064254983,-0.533601721580831
D,1.3439696244025308,-0.13147906150654654,-2.29912966851406,-1.3658176219971465,-0.931886326903449,-0.6962674854389949,-1.09780133233535,-1.2356573915525124
D,1.0838415534617698,-0.07873421609402709,-0.40336427353378124,-2.3884500379003715,-0.0977379856433192,-0.3494860032772178,0.2894524708881617,1.9262693632115921
F,1.2218499308738684,1.4291612251976888,1.350061091465732,3.1247618445889986,-0.7662058431246437,-0.9908129010210818,-0.4588108749597384,0.423519860876185
F,-1.8554967345397921,-0.7883940458584449,-1.3880778297178828,1.2971095470294567,0.415948172614199,0.6529530711815451,0.7178769538112949,2.9162624569509297
A,-1.7615385726326185,-2.9261644527441018,-1.3624514364433236,-0.35363922820918037,-0.09635946529878103,-1.8428939109925309,-1.1273133617276665,-1.071809463426009
F,0.011280439929418407,1.7433250476672408,0.6648750363242629,0.6226978926991729,0.03638533660806509,-0.7912238505114908,-0.9591600982528071,-0.8737464841998213
F,-0.6144505815861684,-0.3249509004357849,0.980906076825079,-0.2633180547625706,-0.6124189552906965,0.7698953502370872,1.80924124048039,1.3548008897077444
F,-1.574016324251291,-2.1560600414899116,-1.2147849875708205,0.31753751988123025,1.303049606167038,0.2879212636128645,-0.4972707319298736,0.8930132407228237
F,0.09662273444566216,0.573173025868322,-0.2547789388153819,1.6736399477428812,1.178050375836725,-2.085501646856834,0.011122542529977242,-0.24737330158806548
C,0.3196309428301448,1.723600016600126,1.025811412607772,2.6657182694542074,-0.8430623394707608,-3.253835052230288,-1.1961596584618472,-1.4264062030553082
A,-0.6871029807398703,-2.1324464827046437,-0.3021234609025052,2.0744644240705954,1.3329284354445083,-0.026140650250616515,0.3542817597650175,-0.4262809736146601
B,2.2684795016524224,-2.5579277138411336,-0.26933340702038233,-0.977056815944525,-0.711643916290253,-1.94688781865277,-0.43025945286609574,1.2876533654656255
D,-0.07531071964449769,0.0822621680515396,-1.4101853243462823,-1.18631635225863,-0.522762962813613,-1.085608446593178,-0.08397505719042522,-0.08489133022278948
F,0.5780427040117853,2.069685494295304,-1.1250102401617235,-0.9134719035345809,-0.855330047601477,-0.5795522252724183,0.033104534537254454,1.3055313126901094
F,-0.1767275370712429,0.8687807435549413,-0.14145767445322688,-0.2730575249978946,0.45149012020440504,0.92795365414579,-0.49263873005154757,-0.7272729741459872
D,0.6097179792819838,-1.5816466801346356,-3.0698933688748453,-2.628765485145867,0.46732463514362416,0.14911356653193455,-0.8630415472357768,-1.4436239778866888
B,3.2043117810473,0.28854526530667823,0.6760152721653816,2.1826320404351125,-0.954320451829152,0.14195186847359353,1.0972109902379141,0.42417673889179947
F,-0.5608883413510719,-1.0846765780635192,-0.5984703179962925,0.47167326415999455,0.4611485407035222,1.9853244121503564,0.19125495754321326,0.09298534828647971
D,0.6126877108421938,1.5701909565438388,-2.430431914989726,-1.3997271774098938,0.7481180338790235,1.5456692453508565,0.9270339859644199,0.2606724747270277
F,-0.902192590431414,-0.26170557101351954,0.35934147330978017,2.2564415806628713,0.9249094124411535,0.9075758924218797,0.35881344115718483,-0.533404417464851
B,1.8554833575949632,-1.768218492301091,1.3071327793315084,2.1193366857485505,-0.9927315173469466,-0.6583959525000292,-0.15381057134950893,-1.176277766401143
D,-2.763709699866595,-2.975455491783296,-3.041766370348781,-2.0168132732651163,-0.7587000423780463,-0.5848358901443286,-0.3860705504870555,-0.5722939768390201
C,-0.578260335736531,0.04521156752649347,1.68986385272229,2.777498533884002,-1.2400709448795735,-2.1815184572398096,-0.8294446775765987,-2.1613783943364875
D,2.5994294908112803,3.6348125053493585,-1.7227352329755892,-1.152994693005977,1.763430060890361,0.0014384132651505954,-0.847621851391106,-0.43435106448387295
D,0.014223220101046041,-0.8974460076006692,-3.1681303239112077,-1.3803111580066956,-0.2436746637187284,0.20384728382069056,0.6513704656222005,1.986591910742317
B,2.5566349096587677,0.24432558713000496,0.6230255720657065,0.13071452297738934,-2.043099183923114,-3.2845472909354934,-2.9013738462428416,-3.118603728452423
C,-0.21297964418289816,0.08880128038338175,1.3969859051878457,2.728495040731522,-1.752200215117595,-0.745690022461412,0.0727376722177992,-0.2736364545066332
F,-2.1117041488323043,-0.9030691283984611,-1.7338017769315903,-0.7599226095526056,-1.5755328661918893,-0.5007496154052864,-1.3394377009378742,-1.033963888780474
D,-1.447911990311426,-3.0616595867014924,-1.4306276808874587,-1.6777908591518513,0.6432553785434026,-0.13326094154057122,0.5820488270707576,1.6612397411245734
D,-1.1364901835993577,-1.7312379228665837,-3.456392933937114,-2.423503211773251,-1.6228569008885998,-1.2842237779553214,1.2631800204064458,0.7052448542253482
B,1.4333237783996722,-1.0050863482953616,-0.6116419111916791,-1.6312813215448059,-1.2014239533137285,-0.1239074874645345,-0.07542307149477046,1.7533197502194073
F,-1.554448574302303,0.13343523369994048,-0.6713648377253323,-0.05120006810661455,-0.790648119313783,-1.4610090397753834,-1.8281569753183375,-1.7218060310692853
A,-2.003503290382345,-3.03922536348374,-0.5862727786310692,-0.6476215546658952,1.1312569773825043,1.1619841846997114,-0.8519855918969296,-0.816712673935937
C,-0.11796905689948618,2.211060756142165,1.4048939443192139,2.3267676506511217,-2.3705556541245967,-1.3193804590658593,1.462247856350548,1.5951968482935475
C,0.0712067438707448,2.8632387309444263,2.2846024492722425,2.3827234072766386,-1.4261320990405526,-1.8326951968016874,-0.9524999239050902,-1.6322450655691811
B,-0.35511875478947275,-3.110406203469041,0.8512480994933765,2.601752077975159,2.369040788137517,0.6585202621473465,-1.2245615803876437,-1.0723814763959725
D,-0.4984789786912278,-2.007861813769448,-2.95629677604299,-1.733773935475414,-0.6885604939892837,-0.288327215459229,-0.9476455511282251,-3.637515737705404
B,3.2493028067124534,0.5523402092426961,0.9866211540691495,-0.90596862779687,0.9627837846676409,1.0017281784454144,1.0748735828119167,0.325177496262709
A,-3.009367029374641,-2.5483893382844407,-1.2047195637532855,1.1170443933748793,0.28143410661826684,2.537478381838059,2.2876990159530184,1.8564200658033185
B,1.1169246568384747,-2.203137203269081,0.37640314199827385,0.21857075434557263,-0.04801222849276343,-1.482071317121966,-0.697094787105601,-0.27328512476232614
A,-2.5453150287116975,-1.5946736694083143,1.0051418876811513,-0.11144296077564117,1.8108025135145924,0.9138792338939985,-0.10954204751385853,-1.5094938782144773
D,-1.8010768945241797,-1.2939097036427527,-2.8469560992808605,-2.6268152997150125,-0.0016524280985040773,0.2274739796301879,-1.2137815711502289,-0.8152523881305223
C,-1.7107747664461899,1.580238070679965,1.6502985724408403,0.2995508575282791,-0.7028026096287507,0.42440789007503493,-0.10299540268315477,-0.8810140851052052
D,-0.8279952780445119,-2.1493030396500497,-3.023857517535726,-4.678575524440555,1.9618320164204772,1.3474872257697488,0.31265114197238464,0.05739426811893025
B,0.027719090649020783,-4.459369081865425,-0.7943027583909976,-0.711634204332669,0.6427360162685208,-0.38506065947142615,-0.5852942119603134,-1.66586627915301
B,2.7642822946177557,-1.2178994477805465,-0.23483388612750888,-0.3347760873465743,0.09206453235562564,0.38842553530544593,-0.11088738257862218,1.4646782385424317
D,0.05124974445153774,1.8747280826101886,-1.1171961706275035,-0.763064767663662,0.6940464628708785,-1.113958897656335,-0.011007481302928446,1.3524060233612945
B,1.7398136833582893,-0.5276651693530234,0.6506085345039464,-0.6107326413504828,-1.2719111517996262,0.6788232459574983,-0.18814965211340962,1.1800943012296343
E,-0.9945271246119758,-0.554605248376802,-0.778489644187847,-0.40339750687262166,-0.2677453120032903,-0.5946377292816885,0.19989196437711443,-0.02711704902292953
E,0.7423235115459448,-1.1613224359720382,-0.6501473998113112,2.2984047927368225,-0.13412375606517907,0.594330938717666,0.026942631486307544,0.4404908537393544
D,1.401251483724307,0.593126093000798,-0.6239480422626864,-0.20391292922001014,-1.220861282018251,-2.0776803312454777,-1.5020140202968115,0.35987688785183913
D,-0.6665439319336794,0.5483650822974304,-1.5878515197684133,-1.504001298099851,-2.3158133051971648,-0.5958198522049248,-0.7274485326751492,-0.479535180649758
E,1.3544030850456354,3.167054470590329,1.5870340185681708,3.023148848633126,-1.1035347788079128,-2.212750125832219,-0.9586743106076367,0.6126876094074143
B,0.637110132651993,-2.285716759109693,1.9006633978203045,-1.3422490692503568,0.40498651302605426,0.8171609615670754,-0.18838148945245659,1.814789101770131
E,0.3195196391475404,-1.5000694684856273,-1.644334229985672,-1.3412942422368368,1.476650873722329,-0.3580683327463675,1.070837131125732,0.19907699573144427
B,1.6594910976873232,-3.808400190255137,0.17011206614211177,-0.22619097591252296,0.08919676181400643,0.34696937194113503,0.5531957740884405,0.2869935002527576
D,-0.47220664020585346,0.0017908826986577364,-3.0475456377801944,-4.287597897982691,-0.1674569817299794,-1.0805859738928785,-1.7210658747447798,-2.2571499991210584
C,-2.0694165163419522,0.786824986727662,-0.02714892249952383,-2.784435129375775,1.6263279244139763,2.6303146911173756,1.2467559048651768,0.3275142217147277
F,-0.38561738921883376,1.05055786902438,0.7092610900802776,-1.9758108155735978,-0.5013361561460925,-1.9733833754851187,-0.9040041707272549,1.4824355889059746
B,1.8989396091375381,-1.4159251659216454,0.013868864397400427,-2.099260146909032,-0.31400217210836406,0.19104108833304334,-0.051283964392340786,1.1252665318937443
F,-3.0777247135171066,0.08553316658331578,-0.5897041965137622,-2.109659386580437,0.7630827616133005,1.1565355184495463,0.33518588277361744,-1.6191947503147728
E,2.188641394040416,3.0399766029838973,0.6871956624399949,1.2179533888586649,-0.687136345252708,-2.43839467904775,-1.2354260557131984,0.6300381802314737
B,2.6175340811981624,-2.357660333046015,0.9870880202423585,0.019190431060533614,-0.869730297350615,2.364889660507879,0.4938405503335349,-0.5996896735529185
B,1.623691076572463,-0.45289599504866773,0.9589042969101009,-0.05102540206033618,-0.3848137710226622,-1.739088191024952,-1.405989528792076,-0.5237889443518238
D,1.193894071542165,-1.04892139526357,-1.3748706195848583,-3.0689123409450083,-0.04585747310717786,1.1378753661038035,2.05442124284192,1.7208543133767225
A,-1.2130386184551605,-2.033391269163358,-0.5742685802047975,-2.6383130013436733,0.832577998640662,0.7405062840627622,0.5701569324128573,0.6644610574938941
D,-0.0943323747111888,0.9171157788639286,-2.4886364208170204,-0.9107212456380265,-2.0253794653549453,-3.3184151199338277,-1.2896854327629226,-2.243330192677408
D,1.2202721117140876,-1.130781430764737,-2.3479013813651783,-0.9776260158290133,-0.5872268301139484,1.0446024221228525,-1.2958610606136611,-2.2140042231757784
F,0.8293621881434903,3.261512109824253,0.5638353392119126,1.9427118325925834,-1.7281347033494363,-1.431812088242424,0.3720716530181962,0.4665025987421009
F,-1.7261382294348018,-0.07692035000859332,0.765320438305854,0.9744706939591731,-0.4118131936533649,-1.7497456670736764,-1.5142317870341548,-1.662116238007485
B,1.1172439259195712,-1.5045503791460502,0.4008505178166849,0.13509469448360584,-0.9661521056016155,-2.608422362183763,-1.342965693350293,1.4080037932085288
D,-0.8620262286339273,-0.8083992294302824,-0.9498810341499946,-0.5666103194227211,-0.5319016485601926,-1.7485937368735973,-1.0786622048682153,-1.7897953353860367
F,-0.07872736431526339,0.5110210511169648,0.1272982257359438,-0.8134805037462772,-0.8029166043787708,-0.09650062663475878,-0.6442921197483437,0.44106748920891836
C,-1.3633300290977004,0.2692561438785659,1.9406782588723412,1.585146665175377,1.675193790527524,-0.2515894454890085,-0.12409995522877676,1.4842729369165373
F,-0.7889124646790403,-0.2981405331968976,0.1404063356445559,-0.4284163291963746,-0.9724428768580742,0.06021568550712719,-0.9138516450028075,-1.6593745821791108
C,0.5277401761980465,3.8352813249677347,1.8924292730040926,-1.504215538050949,-1.1171738219672525,-1.1351959442889608,-0.48726037128182964,-0.894610321166065
D,-0.7564770524830454,-3.2069748194650076,-2.9731549841436182,-3.0954081799446875,1.0606968620964516,1.0525643565100282,0.5280852060464655,1.1977474273635116
D,1.2828857778383311,0.3193264086413171,-1.1080306033014047,-2.521347709418054,-0.9182271331943153,-1.6966184903661288,-0.3423168645366442,-0.4271159013391824
A,-2.956741459405696,-1.7918447605957377,0.014692390582936476,-0.8116322662885485,-0.16949604651280786,0.9272777212651319,0.5406071971238554,0.1391189226707008
E,0.53751925836016,-0.8897090197093913,-0.8064298071145608,1.0852145864264093,-0.9721290644254293,-1.739984317589704,-0.986271189935828,-1.2670468262576673
D,-0.052343226046513924,0.38191308032310584,-2.37872046421374,-4.16644865199095,0.954396807713854,1.3537728407855258,0.1687649077897187,0.31893194409488146
E,1.2214531653660998,2.602339716672217,1.3424477072267185,4.024162635022393,-0.23791911473544358,0.7680258738683887,1.3812488229526982,0.21612287519742013
C,-1.4412055433630648,1.2123458210151588,1.0624872862116785,-0.25240337154410886,0.2761098435110293,3.0241148873820025,1.4863629300753123,1.830123717510757
C,-1.2940174715282295,1.6743077621956197,1.2057305394015128,2.0313164289763472,0.9126241560438235,3.324688089033445,1.1841131767286748,1.3678044187781506
F,-0.3406187713619274,1.3971335273151853,0.21123248334123296,1.6323641732967633,-0.6719257786047896,0.8251713579802876,0.38982807749354464,0.8419332088109742
D,-0.25780373631581377,1.160268683486295,-1.3899110993687371,-2.086491066541682,0.02594356808429993,-0.8098152974625076,0.028831045253653237,-0.08106465471792718
B,1.8793279171550281,-1.0133227390132116,-0.5043178938967436,0.1009078741494118,-1.224960514356143,-0.42670726071260356,0.5676727938336178,0.26957057671402124
B,1.2068194460371369,-0.6596591583662372,0.4208958210061984,0.9672412509383221,-0.2472429942751428,-0.22690609651423788,-0.6646890966303005,-0.17099304530842865
C,-0.2267537617788392,0.3644280791104111,0.873158324624879,-0.3219216450180269,-0.8661427867882558,-1.9552424603005387,-0.29964228924523073,-0.29810446751654895
E,-1.4154685168195744,-1.1404423762222355,0.30548890412325336,4.770453980862302,-1.0101575205218993,-2.2633177918475256,0.40800507475996484,-1.044229734486601
B,-0.011577322102523269,-3.6599591799657643,0.2931440482691833,0.4790249774770537,0.9676407811443384,1.830333632565692,0.8172417125659301,1.8358396020350884
D,1.8824495302387048,0.9278682442525514,-2.0274582111436006,-0.32699965272222853,1.0753299210419813,0.46081508003172555,-0.4335370602119464,-1.5327211427621277
B,3.299234844250014,0.2791504559228599,2.3808479234469813,2.9562865623537844,0.9136784453797141,1.9057899064214974,0.6119175509890791,-0.11683905309481256
F,-0.5817375631857922,0.41705337579134155,-0.08078683672306676,-0.3785328834102754,0.32771270099703836,-0.24221318483115503,1.4030400019901401,0.6029097324051991
D,-0.5309609845130951,-0.5735380119521868,-2.380886629505132,0.8620712132926847,0.7099096345526116,1.8637937114455034,0.635085130874297,1.424632549680645
D,-1.685150169456505,-0.8389013731283609,-1.709634761593113,-2.828209287193424,0.7719004005251533,1.199864584315143,-0.5860669325687483,-0.6153104121372515
F,0.019054051295241514,0.9830682503527777,0.1559900811710792,0.8222861077025889,-0.7372151773406466,-0.24943814258899627,-0.6894516290591634,0.47538077316591615
A,-2.111776411917914,-1.1162361675495456,0.4466660364774854,0.0037708149185080586,2.601929088136114,0.5374104721154453,-0.476846583053228,0.3718084698170905
F,-0.25080494872318415,-0.24795677420839646,-0.9905894005215086,-2.041724203242958,-0.49663339369579423,1.1308788294870702,0.3627483451116889,0.8652449151861776
A,-2.2294154892790585,-0.05925029068515375,0.7924884748727499,-0.0013017882205278164,-0.932487910824479,-2.5096843307351087,-1.6581990018518789,-0.289322520438861
B,1.9382133080574897,-0.7134313940474661,-0.3080690995689074,0.6643349220360175,-2.1987576073109563,-1.6529230335773728,0.5768993909412876,1.5512098230818336
C,-0.0844740476446173,0.7398151265858528,0.680816065610635,1.204525339939328,1.3457717498279353,0.5196864209045315,-0.09958508784762077,1.7919999325887723
F,-0.19388868946058763,1.0936475768682272,0.14060657830712667,0.38835293297572715,-1.563058930454779,-1.0085058941123406,0.16946991762930574,0.4248194755189007
C,-0.28232931118203763,3.4208810023785587,3.286681349120521,1.0014090707234036,1.7594927511682017,2.2952729289116167,1.1133841854051736,1.5937074373913622
D,0.9789169483732836,1.7139953658473503,-0.3366235061387599,-0.6083500479575932,0.973221007904261,3.3418448736018505,0.6869483818051705,0.11894670150950862
C,-0.055808033431252846,1.2807139498832214,1.10822512045728,1.3039546299511833,0.5360074125494023,0.41377165067982136,1.1301355272483442,1.510502563195983
D,-0.11068851777850597,2.0281094294025364,-1.3404330252865488,0.9198908031660271,0.3958579896149877,-1.2125093222171142,-0.13700890586592962,-0.16723362000369607
E,1.1306822432394616,0.3901105966627778,2.0434800802029836,2.137238545618916,-0.5932243022378835,0.5129292748277967,0.5420515895815976,0.08401933000832673
E,1.3627953583024217,-0.48899990938937654,0.6100022432581593,0.6814230925181701,0.795423585044102,0.0964566566073723,-0.11710325467354182,-0.28478489659354733
C,-0.5567953046115076,0.8540544016175338,0.9604959024276005,-2.0208081127564883,0.8072160446225538,0.4236247449148374,0.0979392206121753,0.24272994478655355
D,0.4654399950334003,0.04995059459797818,-3.727369712089972,-1.3096593359474007,-0.33388652883840364,0.9516598896310768,-0.7562129088674274,-0.17581237516972564
F,-1.010626440429059,1.057126744465963,1.2646630061531088,0.19827169117421595,2.2071053198807,2.2971725597059978,0.5123618763331722,0.3238275525965596
B,0.6970677955270226,-0.07568278931519079,0.37366251899389014,-1.616115157135133,-2.0082276166478787,-0.732897689261325,-0.4983263963372927,0.4023077677905268
D,0.964647621114447,1.1696994625590076,-2.978404762265298,-2.964563072972026,1.9082613522709113,0.47699634593904916,0.23560573714810007,1.359966223576192
B,1.7182640663280255,-1.453984413291899,0.6261363450968491,0.5110428566758743,0.8945507083012969,1.1741062742193236,0.3793372631197622,0.720015950483379
A,-2.5468911220083825,-2.4405344123115977,0.714132199993434,1.7298916225142993,0.7595794703951566,0.9156114563680351,0.17961782052816866,-0.5866129134706904
F,-2.0277470522762564,0.5008109183189614,0.18134701625895056,2.973362315281436,1.2028416934976944,1.71462115755725,-0.09929683063666395,-0.25321558460265925
D,-0.17750113827896324,-0.8624461674368817,-3.633611270965539,-1.7284565201472262,0.4378970919211264,-0.005579200104519122,0.37736231634653705,0.20846504012269398
B,3.982740239114698,2.429349264187536,1.6329612771380573,-1.3487093049606722,0.6353657702050566,-0.8967421398373252,0.3310057766760388,0.4454152216818343
A,-0.3729234945554438,-1.5240554655319407,-0.8498467449115654,0.38013954247807635,-0.28003993013976436,-2.5131019411543196,-0.2337716217115865,-1.5688337507329428
E,-0.494602594254805,-1.3241263697301262,-0.3016403848555995,5.862670334316566,1.2825740385711504,2.6097645833333094,0.7950907426516653,-0.5660312909642424
A,-1.3966660414712249,-1.44056275843307,0.12494329695717148,0.001943738715473882,0.02970193602750082,-1.2276337282531904,0.6308709114863963,0.48792621100119654
C,0.18696863972489086,2.630352735587165,1.6606356978930288,-1.5791190511833024,-0.995181461365023,-1.3616056769546536,-0.6486108380169537,-1.8788455136844149
E,-0.4345468585932526,-2.865823854364015,0.7916310293667101,2.3268107417620416,-0.9175085488090513,-1.085978758582169,0.8162635432389322,1.593569219981236
B,0.9633758405339874,-2.7083250829522196,0.1395442961885926,1.7036020835635082,-2.3239872438955835,-1.861914085029897,-0.09729394286597137,0.1829964944115043
B,1.8886689655124216,0.19628758086252063,1.6079844387253008,2.386031037794947,1.594449191690998,-0.10009223507553755,0.5783350178486462,0.7243720008807771
D,-3.440186352554192e-4,0.1713119327349508,-1.2555603504399089,0.899363828213589,0.6610575061660484,0.3810264807235923,-2.0693000620286304,-2.8060742731304784
D,-0.04149098136829232,-2.027351096772001,-2.6764344137220726,-1.236909409674201,-0.8015163990073442,0.19275378793220616,0.9067553141364812,0.9320686678354577
F,-1.2725771572501574,-0.6873599056189281,-0.7687440784846779,-0.3426175689345655,-0.9228688453720866,-1.7548077471192238,-1.5512101438964538,0.03984776532111889
B,2.080048127894353,-0.3438261826704585,0.35759840112064734,-0.2867091527567291,0.6984236186576986,-0.18074158886054542,0.9583808211025319,0.03751528346728866
A,-2.6812633932362284,-2.3738469567870806,-0.5036237888115933,1.085028085681192,0.4406066117665218,0.4927070545243907,-0.20649832215124708,0.9565461370572923
F,-1.468729185315733,-1.7580540330235275,0.4173437794242699,-0.18855546820947822,0.9698015923626209,-0.1299354993228149,-0.17342765993755957,0.7648245250627385
F,-0.8486148739272475,0.5479340187397447,-0.055004037784088564,-0.5453596710500249,1.8502554247098224,0.18067859969167954,0.5127011323633959,-1.2026070451123316
F,-0.5936975337645012,3.424585592298456,-0.3750624157378707,-0.1821793289143987,-2.019631868401891,-2.307400702393765,-0.9220646407757389,-1.035211946056011
C,-0.6797779461123353,2.0413473453674658,1.0098042315333011,2.339698997359739,0.5893410107256067,-1.6629331946452206,-1.2443533145436028,-1.0046333186672054
C,-0.43290614882297707,2.151791697527695,2.0257409585847617,1.860659502848252,-0.0748337117329042,-1.1035109870521824,-0.8044573985162669,0.5272745334420148
E,1.7255443236571675,3.100675889034776,0.6933715110221643,1.8143676796288166,-0.538734023721018,-2.0816612791142455,-0.7157649918216908,-1.5747025300968818
B,3.793785382812092,-1.3983008224616096,0.22877168131321668,-0.8671688452494299,1.6530309406396537,0.707598620015399,-0.5206908264532761,0.08496094921393937
F,0.035771175083220474,2.7692191183442403,1.3912580999955626,0.8157735200724532,0.2824945365740321,0.1658661548459771,0.40235544194484674,1.0707854515686022
C,-0.06211323013785175,3.146558603958476,1.4878651792313882,1.1334112911105643,1.6195947908852935,2.744451386610897,0.22121587570487833,0.8698386529007194
C,-0.5780996139366265,3.146058475915459,2.2743425094205865,5.03047923740778,-1.7719271457823567,-0.9729852328423009,-0.6429863412486465,-0.3978752084973186
F,-1.4057538477275031,0.7901473441562499,-0.6010959490395396,-0.7478443976952218,2.3987685624490256,2.262101774086859,1.5522063678794806,0.46508962245321867
D,0.4876027124795995,-1.2575313070170429,-3.3627364078269375,-4.138250791494135,-0.1334942631192415,1.7259676655812233,-0.0263255695591188,0.10783603828369667
F,-0.25413228555458045,0.25267220660120626,-0.49607581245682075,-0.1660826823911183,-0.45120322056737505,-0.431516479544221,-1.1534510884360571,-1.549450088590837
F,0.5735574053139385,0.20349972033561758,-0.5594373674258242,1.5777296187672314,-0.23306526906164968,0.37026902587973454,-0.24464776724964327,-1.1409790778343036
D,-0.47159609487977483,-0.7277964141644537,-1.8282978208997722,-3.7195244605902835,0.6448325783166602,-0.15710822898059884,0.8004267142555646,-0.7216904070641172
F,-0.17965295282457572,0.9855627282997886,-1.0626223719413643,1.14319586282092,0.6035993197335915,-2.0593391437343405,-0.9485478414533309,1.4184313918654958
F,-1.5372727923559677,-0.19982941566529455,1.2595208118996695,1.6534104002806593,1.766985400131343,0.19268854958005022,-0.6654636455375917,-0.07502238039539627
F,0.837292636838487,1.6532121762729095,2.409966469282421,1.0371895480741926,-1.7705465379147696,-3.2025475013520315,-0.5234735258141773,0.6800357973932917
C,-1.5731410990430352,3.7753955578398024,2.1209115252959885,0.8227085266962337,2.2844011750748745,0.5067976257878894,0.5589628045076422,-0.22609508956311458
D,0.3842751758589219,0.38135912879685385,-3.345652840486512,-3.9295772546730783,-0.46236561120491776,-1.2093944411046385,0.28751973977908923,1.351730056875741
F,-1.6821986817117178,-0.4430149251273573,-1.2745339215430693,-0.9446391066573973,-0.5317879966211234,1.3057463622286536,-0.59242541959924655,0.35013255124216747
F,-0.51512580288986,-0.5197311476033679,-0.2575777179900286,-1.7349320396229087,-0.565063980324714,0.9722105779229403,0.9211984515367908,-0.26153618357326935
A,-2.1010705534656275,-2.2956497389958006,-0.8853412050599867,-0.6411676919295219,0.18270122060536514,0.3726706606494295,1.200217942264672,1.2187882971719768
C,-0.19354858851931156,1.2140440872274847,0.44417203656293514,-1.274765578224555,-0.9297501758346135,-1.8577775598182664,-0.8660302760314386,-0.9925988543626927
A,-1.7815651934382404,-0.9701040883641143,-0.5897416063564496,-1.6866944836378839,-1.131036800458006,1.3859758561350295,-0.31650542323390646,0.15622359737789662
E,-0.15071900576549824,0.07364556737084983,0.702181903611444,1.6757056391297205,0.11005844552368083,2.66253677784426,0.7443701031033677,2.391609985769814
F,-0.5660665752037443,1.5282650713670527,1.0496533700348407,0.6961099298849798,0.20900888547565877,0.983379055227583,0.7185055981718115,-0.9784296937919755
F,-1.3503128225109005,-0.37273048337698866,-1.519317069420448,-0.46239691619793216,-0.5660328654780294,3.4001306107573828,0.7581296366815276,2.701106620436747
A,-1.8320004519177333,-1.6447266889034566,0.4998670352215079,1.109150536983136,-1.110367024147719,2.1594209147384644,0.8659936236684446,-0.8920524140111477
A,-2.0787913738659674,-1.0140592764673861,0.8831348391796261,3.9197941258609643,-0.5119196398419157,0.5777202319071433,0.48898241677192894,-0.1095940867804186
F,-0.5425221959931008,0.8457276123882321,0.7851138487412714,1.7587740779515582,-0.7656243522560144,0.6596698453576116,0.5934889278383935,1.803629314128915
C,0.829522831223908,1.6020797926039658,1.3206006769466168,-2.427609766277188,0.4987166715634144,-1.1887539124985294,-0.37443669542866964,0.7704700479262598
C,-0.5828845917654489,3.364747932437226,1.4576978650240286,2.632320229320504,-1.2993490641862777,-0.8308999080736456,-0.8879774413912664,-0.24810059451651006
C,0.7452399350874545,1.6963747291526714,1.01758574753645,-0.8723554790505346,1.417641777142752,-0.6122577542350918,-0.267782550310511,-0.48074023528091975
B,1.5883080385663808,-0.5923285224604796,1.04085111735227,0.6691198938500258,-0.9450462032799797,1.7260798724302018,0.8440821043846645,-1.666586193265375
F,-0.4655925614991756,-2.5301235096048833,-1.4778879352448702,-0.8690106340190403,0.4518811911263835,-0.3834932416069634,0.18929243239800353,1.2138560335211057
F,0.27161035359216323,1.7437200243991169,1.3454992220528885,0.3768818207697276,-2.331677385107512,-2.235724246568241,0.17780204584548226,1.4447767087235648
B,3.8423904379789766,-0.32527267509213187,1.0393077080380924,1.2569956837280631,0.45884898082217507,-0.6935185702541614,0.7723821376528814,-1.3553741222862892
B,2.1399693737257004,-1.5206030349969102,0.2829320709436475,0.3760849566943408,0.9435644721819837,-0.9143353053107395,-0.4991931428953606,-1.7181201409496554
D,2.296579533959112,0.31380811384782514,-2.7900717689193297,-1.7037148955008943,-0.9599541966668907,-0.5139274228087345,0.4329439266573682,-0.2610887005196011
B,2.072868966650273,-1.0449418076672763,-0.30705245678414284,-1.7609406909622907,-0.0450518412469304,-0.12847071060032542,0.3047136077305793,-0.20961758314103057
C,-0.23109273299455962,2.7104931140685706,3.0510032094967645,0.8167529229992762,0.17330210755069383,0.2753277656396687,-0.9227908110801449,0.8292465930650489
F,-0.6549115091741207,-0.2240581088458513,-0.15541778114136157,-0.27702170624940453,0.45451580903061517,0.7933362489503885,0.29779201100396113,-0.6955464587087363
D,0.44479524430575124,0.3584384198053735,-1.6189558253949898,-3.5106712593251723,-0.6871053152509238,-0.35562912287880644,-0.3224900479806816,1.2220181429655061
A,-0.3980701398228077,-2.9111369342587823,-0.22354228727659173,0.8280417899495538,1.303897517951037,0.9022514541151834,0.9083857540760321,2.095299683503403
A,-3.5287150151669193,-3.7302294579121864,-0.0698111608580653,1.5124388959128565,-2.9767756000819157,-3.199882069735747,-0.6644651273629953,-1.3947391841684487
F,-0.5286463054062225,1.2232319284359288,-0.9895597195395188,-4.297331267640881,-0.7722753329209944,0.433117332825668,0.12511124008046032,-1.3110861186253824
D,-0.8730677586144453,0.5516034060421614,-2.067199281845185,-2.3905266557468625,-1.0788755123079956,-0.54947527562505,-0.7730407579719498,-0.2328022059625485
A,-0.2663864612190825,0.10545999422772012,0.43647447635558095,-1.7860338546959935,-0.1424085429848369,0.03792969552882991,-1.2065407341704701,-2.368849443684578
A,-2.754401329364177,-2.0548227668244188,0.15404580391537273,0.7174711643064329,0.22521703471418741,0.11360713403481795,-0.4837426885494202,-1.3902646872340074
D,-0.7182354827407588,1.134328569826486,-1.9752907548557332,-5.90686939276459,0.5722109953076431,1.1798601342344144,0.3210081417325372,1.5981965488154573
F,-1.210823338289368,-0.10880543647645036,-0.6474276502260563,-0.1711394582801265,-1.8581800293789597,-0.5534390056356999,-0.07417323841716739,1.606640082590647
C,-0.4500557750487729,2.312839197317139,1.990557027550242,0.8899241588580542,1.2728512897785536,-0.4601450754626635,-0.1567193439565066,0.30762226639766194
F,-0.32863632100374773,2.3935633839535777,0.10465143947571565,1.6530774890335138,1.6968666580975758,0.6780445049232946,0.7023457122790318,0.14049359970172665
F,0.38432812042813835,3.371379237790312,0.18828227500907513,1.26485461987346,1.3478747487726528,2.8238794248060657,0.22609934451450642,1.0197348164347768
E,2.053342023411883,1.15652592577281,1.7767457601467234,2.0819017379818052,0.8420790580339991,2.088624227769272,0.9741636062080536,0.031219048908377733
F,-2.0334104410831797,-0.7217505165522249,0.017511401427034834,0.3814050875311984,1.3018235701248284,0.03850371203335756,-0.7677329837209692,-0.6592761183011608
D,-1.6184038304714938,-1.0044403542772666,-2.795071815107135,-1.8373668231198672,-0.8608588900493369,1.383442309955225,1.3431837211071378,-0.6818337174314224
E,0.14077485234273318,1.1006965824376835,1.0925080166147627,3.5861547545061483,-0.1506748110176857,-0.5584160605505964,0.6275346957374339,1.9788788653899323
B,2.0127920863738518,-1.8115651336672665,-0.3844925367594231,-0.601842035369301,0.9698825497211468,0.5792285592383764,-0.7590966705846769,-1.4794422343413642
D,0.5538808372923552,-1.5595907804870839,-2.7963951175556403,-3.2878175461367274,0.378936431044286,1.2543360560753491,-1.3824258265190423,-1.7533451275936907
C,1.0176990797874919,3.4496756006158424,1.7539381364197795,0.5353998364189689,1.2999461420405405,1.4405953183010474,-1.0612540711954779,-0.04010634852162209
A,-2.4060625020923596,-0.8046496812529852,-0.1935567144657232,3.084870793333239,0.9144448684833976,1.6074789008597863,0.5917110956039904,-0.5510988245541253
D,-0.4211213786615817,-0.26897643190128323,-3.9437020740120206,-4.907402875346815,0.7695424922917582,2.3402305889149457,-0.29741023129628663,0.7353708894286886
B,3.6751764911163454,2.878419953796151,1.904781402200844,-0.1540729171427781,-2.681870608251371,-4.390533984003862,-1.9664695318543726,-1.3357922429149975
C,0.9686934533333538,2.9145986007356632,1.9367018933433964,-0.9535237874508005,-1.4242160027104458,-0.6248757966610294,-0.063033797934197,2.2415011584641693
C,0.7899629698104795,3.1345691414680754,2.7809386562537637,-0.1938569669523278,0.5482875456314329,0.7943336398741716,0.4040845590409817,-0.7521912002879056
C,-0.8066525398961621,0.8423920608476203,-0.8692615940232482,-3.265805131272187,0.4238765420280991,-0.36567745246665306,0.2803874858817931,0.2229567494498753
E,2.081715613963818,0.9373740034366985,0.4696653462384328,4.5380629654077005,0.06402410896275709,-0.7453371249906324,-0.6432118093468046,-2.056599491534128
D,0.4853531453153118,0.5137659106776375,-1.278064224661433,-4.096911360137232,-1.0580728806012036,1.2039283649342063,1.6391884696020573,-0.6259361177989948
F,-2.12808120679926,0.4870743598914722,-0.08963004356146193,0.4764403999477155,-1.457273083828583,-0.9273396927480425,-0.23073486463691095,0.9770199793390012
B,3.4734306204674383,1.339360940886979,1.068701119662504,1.2505885343250729,0.33543562660944576,0.9171499177578004,-0.32474428171760844,0.7558228201992434
F,-2.4773094148389423,0.012801979869042301,0.5140751043625595,-1.0339862262008337,0.9708366148340015,2.0617214716314907,0.04736416523228126,0.6607398295873559
B,3.7285722537911647,-2.0387115358951524,0.763781509168959,-0.3499128363840719,1.4861546238279941,1.4407649588919358,0.9786102921636235,1.0436566023493015
D,-2.205917784204359,1.434980732154215,-2.039576168175826,-1.4292389290927416,2.890418332846605,1.6705962300506396,0.39595439221644624,2.4165122149666614
E,0.23827052703865476,-1.3786598504943595,-0.9133110944652938,1.8253683776201255,-0.355166143014639,0.7566699519119959,-0.8637764808613129,-1.1683452981316511
D,0.7457759756388773,0.6681136875227015,-1.8242618321855404,-0.9320251389523676,1.5256972566310405,0.36226679395535455,-0.41835410686802754,0.41629742114116725
F,-0.4650878602209325,-0.37899486669231686,1.1523165538978868,1.3091221298182913,-1.8944237575361742,-0.5480320916682826,-0.3077691855943201,-1.3166956881627763
B,1.6260855179683769,0.4722917726548794,1.033042282532792,2.9072112007119246,0.18026438870205952,1.522218268149417,-0.6977989665642941,0.01111222135330614
F,0.28405910115698274,0.3199666427049576,-0.6815048493771307,-2.3516105625954857,0.5019807934735864,1.4802100716783246,1.1501312893208429,2.08110091103384
E,0.8037086321769984,0.30075121781114145,-0.4817698649315678,1.6292883640047053,-1.1146560470255298,-1.1125901114160397,0.43373219576327815,1.4213424834151205
B,2.2732469819890904,-1.0922392503551064,0.5295581413798613,1.599495175992909,0.49082830400442745,1.7326184416612431,1.6827330498215882,0.5196361275571029
F,-0.8629038053325274,-0.1739041374709036,0.4614452779299455,-0.3647460179545879,-0.7270601964531596,-0.4400283749934288,-0.4514525788314815,-0.2857325604642279
B,1.7602064543254003,-0.7150106687210427,1.7584801436737822,2.1044189581716255,-0.20287790632474567,0.5746544336026296,0.7021082005484166,1.1220564631094392
E,3.0721445169932453,1.285587180283247,0.299859158394725,3.7422312248664453,-1.649592232180436,0.05244725253063487,0.40684515300781143,1.0093864611219405
C,-0.09964686154688128,2.2361113157978294,1.9044590657146319,0.624089279599129,-0.861602588266478,-0.7386941704863911,0.3677266785056346,0.058071764048536034
D,-1.0290276599448078,-1.4633753446484625,-2.9109977252198487,-2.143050622189974,0.46436625422849853,-0.21032182722841206,0.2690690331429886,-0.7615557856983723
D,-1.1920056358066107,-0.5806494292662792,-1.5952508993549777,-0.41163951906395235,0.7546790863604744,0.7992004501536977,1.5887716014669309,0.6162603442498908
A,-2.217378116263368,-1.9320098573982696,-0.6504319951129335,1.7580742597561074,-1.5551548615197432,-1.395241487762033,-1.734080004123917,0.9772480382064815
F,0.6296625566695373,1.0592188890209386,0.3783667275574967,-2.8538400778259474,-0.6878096029171753,-1.1459012897651233,0.7987410503589272,-0.45503697324526715
F,-1.074057277595415,-1.7484595555366909,-1.1683440990111085,-1.8170110276773945,0.11019755897042807,0.3255652703986998,0.5181559253521553,1.374087505975382
A,-2.531394066019688,-3.092839971114666,-0.11649459348212765,-0.835494395071623,-0.6926040934923772,0.5828530660724998,-0.666090866122991,0.17670916099864525
D,1.0821655835435096,1.7407828475204898,-0.8275166911652818,2.0939093884629236,0.3352434422170364,0.32033068585291014,-0.8270937973712066,-2.2534191810967354
D,0.6233593351014771,0.3104100516547149,-2.8128822798519857,-2.738303598781614,-0.02834512407308276,-3.078571687093354,-1.9399893551596756,-0.8308805217432425
A,-2.9220966643592883,-1.1349133220407102,-1.1536808085678458,0.260563113014646,-0.4094092244807274,-0.9832967919538234,-0.08286687700329032,-0.6448431310166968
F,-0.3383564759958758,0.7370812813884297,0.37290455283858975,0.4169463972689152,-0.877551688708315,-1.158660512536348,-0.3476389313215297,-2.242368119309646
F,-0.5111327292571347,1.8250262590945,0.3198808161228893,-0.4023220582510991,0.3355061412873019,0.5212431274090094,1.3135151084392194,0.371272120095552
D,2.086850693525386,3.1845577671466776,-0.6048652394608032,1.6796602954193762,-2.7267790215432175,-1.1867399412460302,-0.8015298261374066,-2.1406475189789793
B,2.487073193070966,-2.317921627562439,-0.15189010414876014,-0.8182054673963222,0.739123010587155,-1.212332184039203,-1.097532344376473,-2.4890255872698863
D,0.12993323782506322,1.6418279926079804,-2.526773512221042,-0.3041575113720627,-0.724399291464541,-0.3263043189765702,0.37202457553160606,-0.616164822559363
D,-0.852177665921429,-0.6982025417057708,-1.1909446804321973,-0.16377903224293355,0.582955344819887,1.8298281092726687,0.9240174904633996,1.0073364938581215
A,-4.307706072160222,-3.241907797522596,0.11408983839763143,-0.6601722949417029,-1.6405115761030866,0.8277695154541596,1.2274459942944995,0.7760503997000625
B,3.4668289029594535,1.291036921436635,1.9652429314403055,-0.20791613734373843,0.25483145117898276,-2.1577932356883487,-1.1209954902344803,-3.838616855863096
B,1.4387104050679418,0.5993846038407218,1.0534021267911133,-0.07598046060006984,-0.6714378920739613,-1.2703603309373388,-0.7239324472207265,-1.723700675821618
E,0.7837744861464055,1.3639082186432376,-0.27869001033988844,1.7719300134502953,-3.0542977155007764,-1.9513991749119386,-1.0182459219422386,-1.2996173015626307
C,0.3440995940200726,1.30493844558243,1.2906873551597318,0.35152261465513746,-1.0868387172609173,-1.2186847749301377,-0.8259636055359543,-0.16241684204137274
F,0.03221579270524422,1.14236937722724,2.6044370879633796,0.909912464935076,0.8798754903587891,2.119316420272697,0.26831386285907105,-0.035579505683001625
D,1.016670448259427,2.164313189042872,-1.5433139779818719,-1.5279146347731005,0.0773850638117704,-1.1723276576400024,0.499188185204282,0.18008098783339443
E,0.88804084877036,1.460390331279343,-0.3476737452645452,0.014669991239706581,-0.9882079148842058,-2.336281875094063,-0.29829661336097196,0.5080149681623519
B,2.750070929097795,-0.193881098927569,0.42940060238456773,-0.22290451232180225,-0.022760288699200104,-0.9636889285467378,-0.5136772634473183,-0.5856676712917874
C,0.07325643089355127,1.625309247844966,1.6539479029449782,-1.4730583701014226,0.37436584560572467,-0.839623468332779,-0.4270083974460016,-1.5358378769363512
D,-0.4033726801314129,0.6217769302984196,-1.5329931992408847,-0.011344378585122161,-0.6407148482010404,0.8007996688070342,0.19415107924829322,0.23740554101510605
C,-1.0681034629763067,1.1962504790376385,1.5453293271692339,2.367341897274931,0.6741733681559472,-1.9066867501967222,-0.490327096053671,-0.9141340830353568
B,1.7012270451677574,-1.681676020594569,-0.1182794682866567,0.9569478432840106,-0.44084482734725755,-1.2736910085598758,-1.0224960768002718,0.4087415218154871
E,0.8726515352948359,-0.778949248571867,-0.8741041926102413,1.0744859482558384,0.5847928077302793,1.25897172443737,0.5511381767202641,1.0619325112162905
F,-0.5438905217913883,-0.8492901156091222,0.42523382519218217,1.052059884173361,0.7995291290438646,-1.5606691981915684,0.4201315036975235,0.25225822318936364
D,1.3764731172762197,0.8236373174066607,-1.451448285718706,-0.6013860657972978,-0.9082191187861993,-0.7794722350090008,-0.06573529136758358,0.1670863859558932
F,-0.8859970827996639,-0.2418243579550936,-1.1679122572886067,0.4324346730149796,-0.8527756834277298,0.6083169754806454,0.18192661320680997,0.385738323152514
F,-0.9187735598851057,-0.24516792504235374,-0.821098771258645,-0.8044396376507907,-0.6886030354568559,1.5239303382561857,0.13535434528310875,0.3968052866528201
E,0.8806074655294066,-1.211140733146748,-0.10798275719174621,-0.2795649716007085,1.1565181099610555,2.2480012191273007,0.44692994815910475,0.1309177300000337
D,2.6341356951380352,3.8805356066954935,0.1015840004665356,1.0526591794304139,-1.5802500824408994,1.318524592543815,-0.24203450135425847,-2.21383491890794
C,-0.11425986326807525,3.9426333637542257,2.924661540727223,3.6011606554830182,-0.28226874269733077,-0.18337336377550462,-0.6000683223146437,-0.5300199722501522
A,-2.816669163046801,-1.481629098461461,-0.5239762195465032,0.4054137332624315,-0.1853731703388348,0.05488124614203771,-1.1994696917981649,-1.4982351085114134
F,1.2954223664580395,0.7103874374162366,-0.8211174412278628,-1.9453413803996076,0.2670173411659367,-1.047256616215929,-0.3032665111817576,1.2027282394167749
F,0.30777676313298163,-1.5976802021372354,-0.6241782400073557,0.12178775292871723,-1.739199385432062,-0.4950458891797347,-0.4545711904989034,-1.9590652669154174
D,1.3984515027197983,-1.581126803729316,-1.6420735153254935,-1.6291788091628436,0.6509576405768164,1.7468467716760432,0.7008392474693919,0.5887126337279687
F,-1.4994714709329333,-0.7204229182867152,0.1758540960819197,-1.6215622529780673,-0.04586755473444293,2.6656283761211603,-0.2333272715474544,-1.698307786188184
F,-0.15219353046519996,0.16619584887296368,1.6217777979027073,1.3258323018400433,0.26756306096721405,-1.111967181376928,0.012170827555510744,-0.06771872326031982
E,-0.766136668668465,-1.7090077267310486,0.5074790346128751,1.7416350203756907,-1.519185928423253,-2.125454688452708,-1.884437045417937,-0.531343339135582
E,-1.3958352241469756,-2.5802245278660356,-1.6531188601770999,1.8889155199302523,1.203457380023186,1.4634451048651542,0.8589346768829532,1.1317202501936185
F,0.1909467247418808,0.7100764172666969,2.074307174762031,1.2876382879009771,-1.398851975386244,-1.8089273260247678,-1.0330389033373102,-0.5177462860435887
E,0.3217927493140842,-1.322762565476989,-0.08010918277618095,1.3681288835591698,-1.5158829041925417,0.07642481025165837,-0.9149467790618354,-0.4750196558156986
B,2.82804182958721,0.20097223671206965,-0.23132953750575225,1.383689872735361,0.10377079018503033,2.427396203973851,1.6949206537885948,2.6543018747401095
D,0.9204099287711919,0.26773131269155287,-2.1424738612764456,-4.208174589742194,0.37986357874419374,2.105437168371127,0.7431490274444886,0.683366034451735
D,0.04718003909983193,-0.3663975306674504,-3.4478235358519536,-0.7594433706975919,-0.9319723964872885,-1.4284971446155033,-1.3831458945299444,0.009608157031805842
C,-0.11846967005550263,1.776490245160812,1.9063865774277589,-1.7476551967680312,1.1168355198068345,2.9904740894294664,0.83282813786666,0.2198297821242674
F,-1.744767019087015,-0.5651530952836805,-0.6558137005052802,1.3141342710978803,0.5478649062145534,2.682806934032942,1.1777727420250903,0.59079313063927
D,0.2798487252224754,-1.5957270438245634,-2.2139171080778577,-0.6369673418338594,0.8025005506868506,-0.9871766032976668,0.09065221661518608,-1.733493363704902
C,0.3928257216421197,4.198268900368311,1.202873489741236,-2.261601530395872,-0.15625687343787248,0.3229507226031172,-1.8183684076225846,-1.8297636396575783
D,0.3854503182648139,2.9235950452591295,-0.4317456759532712,-1.7632768169754227,1.3913418537137312,1.7220242150307044,-0.7666309776722595,-1.1709486968038372
A,-3.9797735353902377,-3.502134700608733,-1.4903492340752706,-2.1587539045869484,0.19439605463961063,0.27554288989727704,-0.8674418279668386,-0.02419073966719243
F,0.45254925806536184,0.3749446230936201,-0.4435076251120911,-0.044547619061397314,-0.3947578948816074,-0.618327694757154,-0.12382542485665426,-0.9630091566216277
B,1.202496499567056,-1.4720424977392572,0.5044422855345402,-0.8614833174446457,-0.5841016232304996,-2.624791457049582,-0.87085848408442,2.745129144820675
D,1.227870070491575,0.7707479271910961,-1.478449680128245,1.6951754578847078,1.0846232869849954,0.3934088001036099,1.011498701233558,2.092005799789905
F,-0.9710480515496327,0.6620193861096494,0.16729134084847067,0.9511731844855451,1.3519797014393773,0.11694258206566854,1.3920815955023904,-0.4381202864285709
E,1.794849822538231,0.4198506914679092,0.10407776068349386,1.0225185358407374,-0.5393224378916424,2.4815708083803565,0.4661615575948532,-1.1027569998928248
D,0.2457085161500253,-2.3154238875783415,-1.995871029749133,-2.0202361571300584,-0.7303965584377685,-0.43127454958784694,-0.8318180396144719,-0.6590115350785128
B,1.4890713383760326,-1.4160799861906144,-0.6750585153008837,-2.1824552644870945,1.7327797335152741,3.2872609840275167,0.8541773410342391,2.0785726714530464
F,-0.7394648886544151,-0.6716716020603901,0.04376008334672832,-0.4826845515622389,-0.17147236841329028,0.2779634632002945,-0.21324550645744383,0.27210290254354047
B,3.053358780093955,-0.07080216383853322,0.8173181628760335,1.141655540762098,1.9480098731296966,1.6812092863545964,0.12461607069879632,0.743931367566459
C,0.207008386563709,1.9324233803518824,0.9362437979441861,3.0534095995593797,1.2991249597068764,1.2221501580187897,0.29462212345319244,0.7927314274355863
B,1.838717467777633,-0.7140628586391848,1.3642967173931355,-0.2870424603520519,0.22869396835846062,0.8122690210338783,0.9321402024215668,0.21660906653682613
D,-1.2028508358084067,-1.5334119704850193,-2.7582595604082742,-3.0324184822349824,-0.6602536726447228,-0.9834541005427355,0.3801584150981424,1.4580395225459053
A,-2.2462881039626152,-2.5758904077929516,-0.09377824050592753,-0.907310611984282,1.7732619440488642,0.6060535024119219,-1.365182964931544,-1.976201312173782
B,3.1606012871278466,0.4489226431488609,0.9281475493965367,0.5213848081576395,-0.39710522191093744,0.04396479625822361,0.3115890443940246,0.3386729090654915
D,1.457681546824039,-0.22870070270711995,-1.3194069469949399,-1.6913611766597234,0.05458141727376947,0.21650459604607142,-0.051319560705172185,-1.6538771556843006
D,0.099710673875544,1.9877569439335816,-1.1900982574615269,-0.21190710531073265,-0.6776445849486878,-1.1274685017365018,1.067853033082051,0.9367989028637628
F,-1.5123694406926047,-1.4258628041995332,0.38964093270971834,-0.4833173910227344,-0.18029559045638138,0.05601470034338804,0.401567907962421,-0.04159460728713325
A,-2.244317649091512,-1.0017048863049056,0.7196885135320897,-0.23278916692734397,2.1909623484662526,1.9417250462558284,0.5519180734485549,-0.48444812505077434
E,-1.0778953158469924,-0.8739549221084032,-0.4493858249627051,1.9828113144923531,-0.16629749410562983,-0.7112955744727741,0.3081616163070706,1.6725422751222712
B,0.6941306351898662,-2.7589932781855238,0.06917699587746878,0.24589706891557445,0.14085145558947115,-1.268988471754063,-1.158606694797227,-1.4723947537404707
D,1.3833106859492905,-0.05204548782966101,-1.6904623279623143,-3.638420037881104,-0.9096060935273774,2.5855752411101953,1.5741001770615775,2.0353469894983203
E,0.3763882045367246,1.0254089064980647,0.9937501042619128,3.949729626579725,1.7567819299610445,2.350621832028701,0.7411205191453131,0.42325248575516794
F,-0.49025157992658697,0.8502846339933012,0.31977454231249897,-0.3618885112376369,0.1341102697691472,0.13289519046189943,0.06373775178832602,1.5559962207007425
B,1.202014320946406,-1.4610495212796066,0.7065995972005786,1.5012857499044356,-0.7329178178239925,2.312998580059784,1.347793078965557,-0.7575442454345579
F,-1.8523597774294904,-1.100711200672007,0.6455040246714949,1.2750664632789777,0.5166050548491009,-2.0772252931100557,0.18125953745562903,0.6597417327412711
B,1.943105965635204,-1.1251088767448545,0.20400939616740466,1.2740347040609452,0.50169916291857,-0.6028449140284644,0.2258534549934787,-0.3388897000834336
F,-0.28505956770942376,0.5900737068794333,0.046519610902684076,0.12457388895495536,-0.30429631138913094,-0.9632965315354267,0.22652485835113229,-0.7949554848063214
F,-1.099002161921847,2.035281048436709,0.866248003429212,-1.7426310557381743,0.24774794791588683,0.20036406197103715,0.8105975679183741,0.6805065984210618
D,-0.4160202028024538,-0.6738105671539871,-3.7316076339364326,-2.876169862186468,-0.1903989951322352,0.6279038610789256,-0.28944927672044496,-0.19688971894773238
B,1.635715975206676,-1.0026517005372173,-1.1361630028404135,-0.7162029373333265,0.24772945836105809,1.304838232074776,0.9574947371710549,-0.10189676287766261
C,-0.9415133842095702,2.225166895050136,1.4897483594179308,-0.6250794876637773,0.7273674236598511,0.9485796491871932,-0.016138074755196574,2.0323409561743135
F,0.218765554332081,1.744048095618411,0.9369429020910276,-1.0956788877607158,2.7231263710378384,-0.16590352111622786,-1.1198109751299696,-1.4676600440675023
A,-2.071594708862694,-1.63287393606205,-0.7103259501916517,-0.5390923614219739,0.2762398733651693,-2.178973053917413,-1.1202861751427684,-0.5651026115163476
C,-1.2233665393020159,2.1148780266200897,2.274395242611467,0.5512748839389521,0.5564406526879975,-0.6213112829196477,0.8347599856974159,2.448851362144806
C,0.28480952383134317,1.7175434754299677,0.3450820337665472,-1.6289426197585084,1.0571567602360226,-0.785158714365908,-0.6321794900790195,0.7124004398495838
F,-0.2890814900337014,2.2925132007962685,0.9925699250824304,1.6003364188224098,-0.23100490261246384,-0.5324968920090491,1.2038181093153404,0.4649316525059317
D,0.1245662441451334,0.865572459046797,-2.6297649142398796,-2.512429691864195,-0.26244200429288467,-0.13630621904164647,1.7086602231739514,2.1010367455759225
C,-0.7144574326503395,3.774958452117792,1.8020669477160887,0.5984670532578167,-0.14762197898939583,-0.877398299636454,-0.5986135350401163,-0.6892103274041597
B,3.9879447128420367,1.0268430105832467,1.6801179790039378,1.5024970254973395,-0.0789852244769137,0.8045032169591358,-0.24001233005096914,-0.6547813182625498
D,-1.389531410470722,-1.1275833271555777,-2.2633352619938654,-2.2474284672960105,1.123513696333064,-0.7166713801358915,-1.1351459506885593,-0.6269477775576757
F,-0.7038867362779997,1.1696749716714212,0.001148845353666883,1.5787630339506917,0.6169673458494225,3.170341869352196,0.7017905186755583,-0.30936677997179773
F,-1.1678642358031943,1.359268290622015,-0.5047391701106424,-1.4585395758204314,-0.552470878485319,-1.9961402473703507,-1.3172521064892737,-1.3661158029113611
F,-1.583496156284771,-1.2154438945297985,0.9093553001101253,0.20491792870402725,0.8944779898737859,-0.2957092317462185,-1.2399842538778,0.3596444531164218
A,-1.8416010040461097,0.08557264941052756,-0.5645709172884628,0.408258387770039,-0.23710940405922612,-0.5254158972489233,-2.19995986021896,-1.9687928055646653
A,-2.3905160424054666,-0.9080484005265396,0.271757770436017,-1.1731531258981307,-0.04571352981285293,-0.548319107849245,-0.41133690988917243,0.8159884279086538
C,0.1458379178300634,3.3953913379418448,1.9192664745988708,1.0170159454975942,1.5421368281831058,-1.3108075961775008,-1.9110535048209347,-1.3014763730169179
F,-1.8887376719384308,-0.15729598693035007,0.031589329584379905,0.46976860478848115,3.0135621134008908,-0.0835748222180217,0.5479816235223388,-0.8841152238650483
F,-0.4553492779804944,0.7688004130143775,-1.2417726714812922,0.25532993058376163,0.35834150988273517,1.9223252111412565,-0.09927215947237955,-3.1209765883027876
E,1.862151914010882,1.2830482576760667,1.753926401691344,1.6372406261881964,-0.8862356914770515,0.04960601163643605,1.0078092989861736,-0.12285378548760884
D,-2.0122579284556417,-2.59330661987676,-2.8492258613724917,-1.05168308140232,-1.7424448670527115,0.43741194806805184,0.6723913218483408,-1.5518709356805993
B,1.4671292595055774,-2.7365173961292566,-0.8910474629241691,-0.8268305460216029,-0.20932459851429397,-1.4419882700057591,-0.19455968382156896,-2.049547197274848
F,1.0648047150950766,2.614109570567892,-0.10765485235230887,2.729518310998976,-2.3358487547412894,-1.9078385309173682,-1.9130756842956693,-1.5954059558595572
B,2.278580529955117,1.2218219437181959,1.8540972361993389,2.350818751357693,0.6362725699457306,1.6618975712095152,0.92446846976373,-0.367956671209642
D,0.32401902930443705,-1.5712604761680153,-4.298778700450259,-4.09583139269933,0.15506175604015515,1.6352373005046636,2.2631835893918857,2.7585114899627103
F,-1.483799066598701,1.410990007140171,1.5452686514063712,2.3524227130667152,-0.5691083401700398,0.316518463149725,0.6629999941585099,-0.8385976069057407
C,-0.5613075539793201,1.1062322133720461,0.6364120801532822,-0.7671321537797715,2.1305513381299006,0.27759098423666406,-1.135243212220513,-0.6543545111875733
D,0.40120739788850235,0.994876801146785,-1.4268986686621368,-2.235605207977503,0.029101852866433048,0.4845504077684702,2.484626319732811,1.6189879442087611
A,-2.645606202776345,-1.0549698479718943,0.48288876428653693,1.0296915190209952,-1.6533845336823199,-1.4367826036890343,-0.7244188731898056,-0.11423682033454817
F,-1.6340945008616643,-0.10473884410724166,-0.643163056859592,-2.2354266661206377,1.2878799652288315,1.6339922996216436,1.4306804165338662,0.9083863309041805
A,-1.5556083336995778,-2.190937897106309,-1.149590032477668,-0.6170318884372998,0.01459312755310943,0.483471333467848,0.39320313950658825,2.9661196742505602
D,0.18842671684974943,1.6531260636295229,-2.098874317708801,0.4642890188866988,0.2460166742631183,0.7075577678125671,-0.6960044786295402,-0.4655083304671878
C,1.0012383210805853,2.3697424190714136,2.1908200653402616,3.6453619906475345,1.093097286527004,1.7552345701617897,-0.5861108680555971,-2.8679352323026683
C,-0.08091254179422894,2.311715113793527,1.6872928341075104,-0.9483769414921721,-0.9138100742452744,1.048311848173662,0.3985009126229093,-0.8683824678434812
D,-1.3915023932744688,-1.4728737105887464,-2.743521963748496,-2.075431150556591,-1.6897400675190082,-1.211644024724415,-0.6399651496698764,-1.6535519822141973
B,1.425840408604051,-0.2219249637263041,0.7884044241358494,1.0822614841166427,1.361252437193246,1.1876635884216271,1.1989927132593614,0.5645800698523636
F,-0.7387181784524636,0.6299292012349891,-0.25704155826090946,1.3946710305864445,-0.6566184121737205,-0.8576464929151901,0.11536897229800877,0.481066355771165
F,1.5491542686737594,0.8719896896228709,-0.09021003867771671,3.0473920908592813,0.3296363652286341,0.3440088754902394,0.6175910536694517,1.3591750588856444
C,-0.4782177686241057,1.3434732586934826,1.1684425836646013,0.1273402009481982,-0.34689006295954733,-1.7549689769808166,-1.3160202073052887,-1.3030130928512158
F,-1.1006934031487245,0.18466974273390385,-0.021831612396514107,0.5059620024757269,0.34043298279014655,0.4380003851838976,0.532455067072995,-0.24840334114786372
A,-2.355225485773236,-1.359460015769625,0.28465326373586586,1.7526212863393493,-1.5228043548342354,-1.3616381309151429,-0.08757818623263336,-1.472097792443169
D,-0.8501758726505467,-0.893001882632602,-1.3418626373255866,-2.2877008929845193,-0.0022859939025056744,-0.21053681650293715,-0.24012138157791924,-0.3454944850905997
C,0.23872013690921562,1.1953522003984294,1.6720535586815717,3.2580061045147626,-0.11227421019526163,-0.5513701706843566,0.7856983522271026,0.8329148393939823
E,1.0932471865291753,0.9797489745013765,-0.4697209934567991,2.2986096139807413,0.3268938789850346,-1.7126041824104399,-0.3122568801512686,-1.4449986362276213
F,-0.9189655041997173,0.5177576949351721,0.19401281533524417,-0.6668172632535567,1.1794683756201354,0.5196472935273331,0.30120930413968594,-1.2386217277901466
F,0.5375879367751484,0.9054985605067678,0.16695961743494253,-0.5232509463487987,0.6325236798533278,0.3680143842970381,-0.5043966500915682,1.1743260258328045
C,-0.7626785083005221,2.6695917093366206,0.9532733412667568,0.4937263852180105,0.6150085311462508,-0.12249158698562879,1.670797804265451,1.1248602316752851
D,0.251507555310058,0.46325190283611833,-1.852430455443106,0.6053748330441966,0.7288596105819259,0.9472314534372367,-0.26085794760796915,-1.1574430896126016
A,-3.5687640405548064,-1.103816577059482,0.1633437349944148,-2.073564845769405,-1.7949368168691797,-0.35129417992284173,-0.5087082049964972,1.3242235632176762
E,0.7995556688397134,1.278913218667262,1.170280303803338,2.672264440815531,-0.3372777581081972,-0.18877670354731801,-0.19587419142533674,-0.47226673338441283
F,-1.3621160260560616,-0.5174318670905718,-1.1347869599200466,-1.435473284756414,1.2372686847262278,0.46034678487933034,1.1179386343009794,0.22533749932571526
B,1.5253709973878715,-2.7050170734460193,-0.366125751256304,0.14866232480499186,-1.265289587079174,-0.8227880626510641,0.8022786209191229,2.1887819257764463
C,-0.9715059161476277,1.6015949849250557,1.5008344119776953,1.0035828644903035,-0.014273111019758464,-0.18170569652322924,-0.2782309736484297,-0.07079923641142039
F,-0.02451532451645516,-0.09771405781078546,0.3278065680530424,-1.1290141428601883,-0.47047957141029056,-0.6566928831003845,-0.7867467105316741,-0.6190174452631636
E,-0.09736245044972458,0.31801508903275566,0.10763927323845415,3.172443061276164,-1.78471296385264,-4.5497346502159495,-0.6895372048059227,1.8554566107575794
D,-2.3018804541546065,-1.285022134164133,-2.8070766239286735,-1.937750946531736,0.3490385753977544,1.934788026605535,0.3154405512237167,-0.7347166289704842
F,-2.598773399482079,-1.2700318752187894,-1.489508524438238,-2.5761319105770824,0.7436201327342724,-1.3184675261451075,-0.5117090048301383,0.8298636830806132
C,1.4004962302440978,1.2801551374139406,0.8525014759047673,2.2015928809797107,-0.854174527350396,-1.8660284612061921,-1.7705168191033742,-0.49420537557427324
A,-0.7613383220248813,-0.30786959846562123,0.3741126056781063,0.22964578987678816,-0.46209791413753654,2.3848186474531503,0.9631561871564731,2.5998512745156717
D,0.8037185183768292,-1.4897885959150323,-3.349055611586121,-3.3727057134602854,-0.3370485638926399,-0.9099767205349559,-1.0644452647484686,-0.9228676389213184
D,-0.7648328284097864,-0.8847206410896203,-1.337766502639335,1.2625092067440975,-1.1145886753320728,0.8111553942669958,-0.4334305572892914,-0.24306796044913215
D,-1.1550315604512287,-0.6465873943397644,-2.51726413211367,1.1247788017122353,1.5407823457739516,0.5112737287322158,0.2756209995267108,-0.1323398820027428
F,0.27804677614076945,2.0867111943902215,0.36341745018690214,0.7493805416009292,-1.90085142495419,-0.4408361465950394,1.7726294989538853,0.6809827902314511
D,0.801020897094585,2.429364566661701,-0.6325956245270468,-0.22687419865727487,0.4798473376819692,-0.8504199358142436,-0.9454471001751266,0.6599908399278261
F,-2.1152529501249075,0.1356853583433515,1.0470798837688515,0.479951037151455,-0.46334579793833924,0.24066198954134,0.1759946926985842,-0.2373171689394768
B,3.671299117967256,-1.919187505466492,-0.17605436813460462,0.04523720387789226,-0.015250341889196495,-1.7140541643271523,-1.2810211836931669,-0.08886252543525636
B,0.09226290557904937,-3.0123224134451947,1.0754329278258354,0.6778329345260342,-0.7370652519259886,-0.05379874446719521,0.5828864182016618,0.8593270071859473
E,0.20812814501255794,-0.8024839254809238,-0.498266235619662,0.7049319266671348,1.1743947230510643,0.6566302214252301,0.7471675219936176,0.7731979789603287
D,1.7171019550057178,-1.760938547327095,-3.2346767114125488,-2.2847044479821834,0.5699469283644452,-0.5568467519391762,-0.5323441766742479,-4.282960214590048
B,3.704218344754151,1.2845047413248563,1.7017086425433587,0.49254237654496247,1.6157455672372647,1.41678570661926,0.32460848313120927,-1.2818002913645796
F,-0.1432522305915806,0.8494847592118475,-0.7290323362312692,1.6715350772643804,0.8372988909686927,0.2788580967175668,1.9068470582857076,0.7875784668258973
A,-2.950093779859893,-1.8217218345347725,-0.33179858447076555,-0.4311047424589998,-0.42395945015405695,-0.3201926697089941,1.2116338900000452,1.6501368293144356
D,-0.06286683231188639,-4.099069960211076,-4.4887200676365575,-5.325366132532229,-0.20984244543685734,0.8081968536466599,0.4006946484254,1.7626822540200844
C,0.3213287895212789,3.4936387587361653,1.909033541846787,1.304331252457588,-1.1667927579679995,-2.432191772825478,-0.1481992573300565,-0.27429221508643176
F,0.18644832837652348,1.2623053407463103,-0.8666607953190715,-1.4297352343911591,-0.7510012149312008,-1.9972976296542548,-1.1175040450916351,-1.1061774925770014
B,2.6359622464335946,-1.7857987200742542,0.12470672288267076,-0.8803259347813366,-0.12047609453281873,-0.5576913047715726,-0.6181596038314091,-1.06056529110937
C,0.010703395912616043,3.080773101137838,2.399298645543137,-0.8113047675077496,1.2284425132265906,0.5146707652676771,0.20448602699546548,2.1908051876359136
F,-0.6436150449928749,2.197122791281468,0.8578761203918024,-1.4139070168242018,-0.22796798013890401,1.8075065979595113,1.5881094356320395,3.507846450935198
A,-3.3031567234645998,-0.9124062254698349,1.2865155274312559,0.15555498095840148,-0.058916510207143946,0.91746183552399585,1.3811064593540707,-0.42971882576542436
D,-0.34684009182590037,-1.7879357786267775,-2.6774034010067655,-1.236815427722694,-2.336267038597666,-2.21973425940557,-0.8727293508815295,-0.2496978399689407
D,-0.35735703441401034,-0.4473983728789062,-1.5259131513734046,-3.0973350046292105,-0.647565868094228,-0.8703343340266914,0.8414505767414047,0.8167594086413783
D,-0.20035566027491364,-1.3027599675967538,-2.9709500960977926,-2.194545778069181,1.5572965590920893,1.8247260944483292,0.43592203021898396,-0.21328380695068944
F,-0.1375023134009591,1.0488361753134512,1.6928433694396614,3.7663064701895927,1.7755351769577365,-0.13508625676163333,-0.32933409381687745,1.254197743715637
B,2.0884820104001856,-1.7983582043483362,-0.054417503534028855,-0.32436332130254825,-0.03401778031287767,-0.013000783841697477,0.437443912534992,0.06877463905535774
C,1.1063342769090976,2.2853676691030356,-0.004637526517312862,-1.2763031665384572,0.6564243887728934,0.19826154134948543,0.5793076591318347,1.513636297400315
E,0.36835103541754777,0.06743111869730631,-1.2046021964115765,0.9873068899013433,1.9069037831775273,2.387416853569089,1.1158600145941455,1.4294221276625259
F,-0.775078612469833,0.6360182450525614,-0.5574247794466453,-1.4365118667865124,0.06094683551135727,-0.6967634788444391,0.7948103738461572,1.2610900098031903
E,1.3673350429147817,0.6829052225806971,-0.2505151971624345,0.0707997510848315,-2.09513619640681,-3.4954007579666913,-0.5538107200387068,-3.2095776650040477
D,1.2687676605881977,-0.1821086392532458,-3.0369831048424114,-0.7207513525101834,0.4710811833874204,0.029591247539773186,-0.14856481024928553,0.9583336237387057
E,1.9313808085840283,0.3174785359743585,0.4785998244382939,0.9086484160049719,0.062218150108359016,0.42755000922776665,0.36524196048233,-1.6680705942519416
C,-1.2761751793168254,0.9209377879703713,0.6437867541024146,-1.581364324690124,0.2800004143440791,0.1164418966483734,0.707977724507832,-1.3630801993485728
D,0.22947307838480013,-1.243561452496099,-1.9007126082413681,0.3699040965314837,-0.3247765922621657,0.42182084361654915,0.7238825017620922,-0.42088992534972525
A,-2.3901818329828615,-1.4021887783944358,-0.4463390212288028,-0.26982441712347316,-0.2254798056674297,0.568506195989662,-0.8976212414225155,0.03950738226184583
F,0.5031393074567485,3.3554936892346743,0.9301141513105822,1.630688653316636,0.4400000993496448,-0.5287272376870394,-0.5843443065416335,1.7484421686077292
C,-2.1747607257258696,-0.5280481283928662,1.390924836930454,1.022676172100279,-0.9771779769812643,-2.031315050540027,-1.1128455195086686,0.9406136650977602
D,-0.38242593979816,-0.14882167096042093,-2.238738536425718,-1.4130174935296194,-2.0317907071742565,0.023987062791148928,1.3431503603612205,1.0387748639904992
A,-0.4299281693634667,0.08190592564455779,1.63483521894293,1.720705931968167,-0.05874796279119976,-1.6715216894532487,-1.5612370634631347,-0.850025699797545
B,3.4466348759574545,-0.07732611878507312,1.566022585171558,1.2851696612049204,0.9319113774049983,0.24503307129468221,0.8200508703820171,-0.1400235649856259
D,-0.3471281498947678,1.105330895724364,-1.6683428647621503,0.3855700704324523,0.6677388092121497,-1.2142809138868937,-0.16299168708800546,-0.6696071765736148
A,-3.3499672980287847,-2.4806651269102784,-0.2248290889091332,-0.1577293770107791,0.8099788775053274,0.3514173171745692,-1.7586727158011755,-0.4029882333752407
F,0.18399071164588687,2.442709881275536,1.02201543679182,-0.3922533617711357,1.444738088589316,-1.240421919006435,0.12588466299989,1.633330317306565
A,-1.8013070396086435,-2.7097412487444656,0.7151503727626584,-2.0703955914918457,-3.032988341470167,-3.328389951298152,-1.4648314882881737,-2.800064911957923
D,-0.39694557737084407,-1.7780012149725468,-2.0454571199898197,-3.4763129176087864,0.07871290072651643,0.24650782739360477,0.37159395684843166,-0.03293358842556203
C,1.2845385976924781,1.7460938192162254,2.163274234424807,0.7040811959094749,-0.07781224293918765,-1.3374088736643548,-0.28400583823679115,0.6198007756412589
E,0.5325740019242698,1.4938637782600137,-0.04189821621518475,2.6854148578694232,1.0130291086051475,1.0545565777611134,-0.538562395704821,-0.2502695301253059
F,-0.010268357333010736,0.14794528628084747,0.051874773640435135,2.370773810569501,0.5759070432094087,-0.027473225562042708,-0.5054157245970041,-1.6499825969016806
A,-3.343779663761503,-3.374999779277367,-0.1578355566853722,0.13748363577469574,0.6840968653697281,1.2091403993781298,0.1644114746314853,1.4987005873009036
A,-2.371149250613209,-1.8782360730989802,1.0729439443339635,1.0318001003419763,-1.4174053595243798,-0.8911015602025592,-0.5741420944658604,-0.36741954517276826
D,0.7337015442759497,0.40248563096411183,-3.162357946631338,-4.218289811875655,-1.4301415003611522,-0.5429994420579806,0.18624843551214415,1.4359266005493074
D,-2.3059087176686592,-2.3949440237989155,-3.0425733636275507,-2.5363361817826684,-2.42313853364968,-1.5822229111676573,-0.7578191169746925,-0.7338013230289351
F,-0.6520974249906565,0.4143864216529212,1.0925210019750067,1.3862480764757499,-0.01065976407637112,-0.41935429839711685,0.03409904342379386,-0.49501883514591194
B,1.6837762275861754,-1.8972967507774148,0.6154584627178368,-0.4515749896420022,-0.39481914358109027,0.3926405113144423,0.785871426472751,1.2337361786823182
A,0.8516961978113287,0.7456345607309562,0.6157914240424183,-0.33588776252635,-0.33479728541487364,-1.3680436181875555,-0.09500148348996934,0.005843983311702494
B,1.9441761286899777,-1.8960256736975782,0.0604998051719452,-0.6267809948579477,-0.3512141862481231,1.7853154091959886,-0.49261919993075964,1.346738807304753
B,2.9997111929040043,0.9970329296855827,1.2792801127046922,4.469520832948591,-1.3958772486987319,-0.35924942062163534,-0.3974661932916197,-0.18263608656730856
C,0.1349396176288641,2.7627865308809803,2.068644300470365,1.748549886680259,-1.060738159597701,-2.1283871698012957,-0.26282820520035655,-1.3189494647099296
B,2.2949595633926516,-2.2549750849849275,-0.6225921332089617,-1.326673092570678,-1.0008504768298183,0.12749953893074722,-0.7105455996722546,-1.4581998889766055
B,3.0010284680170876,-1.5808748169914835,0.3900533079710687,1.1940137230439343,1.8043368422533792,0.7512206015815179,0.42020193269830924,-0.5496863693883514
F,-2.377792895922822,-0.3096889175045936,-0.8117539565956572,-1.8024336211276883,0.4081171914126821,2.950545752379173,-0.16619138226954955,0.3852150036306434
F,-1.2085839177576392,0.3946050474317534,1.0918398803358291,1.4387506688936402,0.5709777814123551,1.6124531753893623,0.3641655081785191,-1.3405076423145108
E,1.8065277734102265,-0.2460138864904473,2.002851163388266,2.1130819227853976,-0.7423531754515997,-0.15235977161116054,-0.9853600128215385,-0.7404048733309989
C,0.44589239687733134,1.781344235989286,2.296637050945541,-0.36533460921967653,-0.6787548805463983,0.36750451212550755,0.6117717684383908,1.3661685107652817
F,-2.170528342029317,-0.24213539109238247,0.6856117572128334,0.8476522196062313,-0.4955118529748139,1.659464445449908,-0.8666694729733743,-0.999453720579718
C,0.1680913596513864,1.8513579531263646,0.426921609048901,0.8411087746006035,0.4258650508889436,-0.6384172441070908,0.16634478457470322,-0.45989724047544717
C,0.17534047012092024,2.9314470335599396,1.9849265350923186,-0.10592504388204949,0.026767486760634007,-0.7754024395130732,-0.7592157164510018,0.39381547499034675
D,0.7895143760994915,2.736891862776771,-0.696663713569257,7.67881924550684e-4,0.171560643687714,-0.6781466974398493,-0.09596412428795865,0.33111412195003
A,-1.282968182376223,-2.0943263338883527,0.07953105129702039,0.2075937573984692,0.29935980686792046,1.4960571366434356,0.9021057060056258,1.505175869655199
B,1.8169249761970496,-0.21666573207967665,0.9338795925926789,-0.9605021611568948,0.2533177477810976,0.057575403809915326,0.4503579221090609,0.0627095386600711
A,-3.2614453732473154,-1.700519033533629,-0.7762539157101971,-0.13807861003794175,-2.3336854557551225,-1.8328608722193152,0.019096858809708312,1.4661614267567877
B,0.4953038766751441,-3.7359100582365548,-0.49443373590487916,-0.6681283818399042,-0.6343922938818102,-0.027433992332630663,-0.16228707185828717,-0.8924220268516344
E,2.151893816067794,1.4959197466459857,-0.6686964772834467,1.467100722018504,-1.5252649996562635,-2.978009943465218,-0.24129516566557335,-0.34267316837553097
B,1.6336368805906598,-2.6541613842793783,0.9055993875657975,-2.183035358753772,-0.8025757425151483,1.5073749820017155,1.6237584067914594,-0.4481031156265822
D,-0.2651782006349988,1.015789653830796,-2.41956058776952,-2.6769116985518417,-0.6383970283693192,0.22121775228760626,-1.0056934238140323,-0.43755097885690136
E,0.8456000145625814,-1.1354517034651033,-0.6601042050579711,1.164654740309066,-1.315825865234038,1.2248041216845036,0.38189815546136807,-2.4178505198188147
C,-1.4970455628188022,2.192836541908902,1.379668485888327,-1.0180991038873237,0.8837009367665146,1.172159339889637,0.6982944545189953,0.3170732575686152
D,0.1304835830141482,-0.49716580219698964,-1.96163011308452,0.43820610125885895,1.360007166707057,0.9213303516856204,-0.29681576013844124,2.0773696182080776
F,-2.038114632337263,-1.799941150545223,-1.1433734773139688,-1.0057940846449285,-0.2088157431699555,-0.5524693462631692,-0.8318986156474468,-2.009470451624637
B,1.3880714009729218,-0.6842428103389362,0.8898014103517697,0.9407391478365299,-0.893447421128698,-0.9683103877992738,-0.10966405195463898,0.11476662610694134
B,1.4701696008514076,-1.9902550708523752,-0.9580822758487775,2.322569456315629,0.4704886621993284,-1.0027174778854966,-0.03769511304680956,-0.48906289684033943
A,-2.159424075697656,-2.2943819223315844,0.6126030746395702,2.6076748791816944,-0.44049590726614624,0.1045577341211719,0.9763366882028914,-2.03554554971667
A,-2.48622828640686,-0.30736124767831763,-0.509581219488357,-1.039700854499012,-0.2864821669044727,0.5002972633889899,1.605621066948054,2.9854911944172957
A,-1.1602105041934487,-2.5526356826668604,-1.6329488376668042,-0.8929388933197847,0.36404167505840157,1.6039156170366886,-0.7913000596402255,-1.1003400446941263
D,-0.22659339356634106,0.8149818838114049,-0.209273464720928,2.337185117195157,1.3908557326896132,-0.3175219043837434,0.6585565126360797,-0.7599555566982851
A,-2.3636611598837,-3.9908827345466924,-1.1493634682387288,0.6494624873207697,-0.9087473800528496,-2.9591269120568544,-0.5181539536024178,1.2348043649812053
F,-2.766531249164949,1.817350666397945,0.8824943413696635,0.8383096679421425,0.29275462764750365,0.2828727888205494,0.057284901900644725,-2.584598064847475
D,-1.6950744328319605,-0.694812710088082,-1.1756440243601172,-2.7556704977128277,1.1224860344809122,2.0585780260921713,1.1638474090603828,0.3151926483631912
C,0.9504114053279987,0.9742187944031369,0.9378793927223066,-2.6014367197214754,-0.25818954249424575,0.6716252733068879,-0.7589382014993518,0.07526367475850083
E,0.2578343546656126,-0.3724887120988973,-0.09574508311135754,0.2586065610698418,-0.5285978815447254,0.03431178843818539,-0.8633742233528765,-0.25444307106410236
B,0.26503407336116114,-1.6908024667910866,-0.9183788848075634,0.4092485055729562,-0.4977576814913832,0.4825868301425408,0.8668369158186988,-0.6889161755542232
B,1.148038468274624,-0.03246957953012353,0.4948471611579097,1.6630781237153012,-0.19019340565189657,0.4516866763401778,0.5316812875781277,1.4753284730772667
F,-0.7335072256123394,-0.5527474263276124,0.07197291374092096,-1.2038934067003113,1.2990104565680791,1.8359021468851295,0.8963667893581542,0.16612374860584284
E,1.406561473564119,0.8420147400231621,0.25162640192287983,1.9013247749869975,2.2312197380024195,1.1324364626505465,-0.5298427294020543,-0.9942606526335245
F,-0.6931056870298542,1.0856650168355342,2.401339754187867,0.2755945850770144,0.28475231547902946,-1.994291450620595,0.2644706193792026,2.559912312276423
F,0.611792341997174,-0.14435094713946972,0.07874010700631949,-0.20969133514323604,-0.039974199299204094,-0.6170601234974578,0.07337819291357553,1.3690132404205708
A,-1.7645312712530559,0.06868985881994094,-0.5732891865886456,-0.28732608247182223,1.6103371743168748,-0.7576691052913934,-0.0033960173864695034,0.0013371762144950838
B,2.7770188955090243,-0.9491058318079781,0.9665869024361283,0.0010127653696277578,0.5333718047092547,0.47611376962246177,0.1586766184289339,-0.3030379514982157
D,0.3676708900434944,-0.5484056234141799,-2.4153062676238743,-2.5462329243417017,0.190087436759453,-1.4744069404024456,-0.7006273978780362,-1.213417977708082
A,-2.1706184908433865,-2.1242679787484757,-0.8190820010853159,-0.5321098555224374,-0.8988779834071476,1.2451989378361377,0.46195308674982644,0.07546005484874951
F,-0.6250936203556938,-0.7884070498398426,-1.0851080225055107,-2.674650362736947,0.9032678090878891,0.14507854119403008,-0.45519986233852977,-0.20298457855046975
